,no_faces,Angle1,Angle2,cnt_inner,cnt_outer,Phone_detected
1,1,9,-30,0,0,0
2,1,12,-31,5,3,0
3,1,8,-37,5,3,0
4,1,10,-32,5,3,0
5,1,14,-26,0,0,0
6,1,11,-31,5,3,0
7,1,8,-35,5,3,0
8,1,10,-32,5,3,0
9,1,15,-23,0,0,0
10,1,11,-28,5,3,0
11,1,8,-35,5,3,0
12,1,11,-34,5,3,0
13,1,12,-26,3,2,0
14,1,14,-26,0,0,0
15,1,14,-29,5,3,0
16,1,9,-34,5,3,0
17,1,11,-28,5,3,0
18,1,10,-27,0,0,0
19,1,14,-26,5,3,0
20,1,7,-35,5,3,0
21,1,9,-33,5,3,0
22,1,16,-17,0,0,0
23,1,18,-15,0,0,0
24,1,3,-28,5,3,0
25,1,-24,25,5,3,0
26,1,12,-23,0,0,0
27,1,17,-18,0,0,0
28,1,7,-36,5,3,0
29,1,9,-30,5,3,0
30,1,10,-23,0,0,0
31,1,10,-30,5,3,0
32,1,7,-37,5,3,0
33,1,16,-22,0,0,0
34,1,12,-26,1,0,0
35,1,7,-35,5,3,0
36,1,13,-29,5,3,0
37,1,18,-21,0,0,0
38,1,16,-27,5,3,0
39,1,9,-35,5,3,0
40,1,13,-26,0,0,0
41,1,14,-25,0,0,0
42,1,6,-38,5,3,0
43,1,22,-20,5,3,0
44,1,10,-28,0,0,0
45,1,11,-30,5,3,0
46,1,11,-31,5,3,0
47,1,10,-30,0,0,0
48,1,8,-36,5,3,0
49,1,8,-31,3,3,0
50,1,10,-34,5,3,0
51,1,15,-22,0,0,0
52,1,4,-39,5,3,0
53,1,13,-23,0,0,0
54,1,8,-34,5,3,0
55,1,13,-29,5,3,0
56,1,15,-20,0,0,0
57,1,15,-27,5,3,0
58,1,12,-26,5,3,0
59,1,10,-14,0,0,0
60,1,10,-29,0,0,0
61,1,8,-35,5,3,0
62,1,11,-30,5,3,0
63,1,9,-22,0,0,0
64,1,11,-29,5,3,0
65,1,11,-30,5,3,0
66,1,8,-23,0,0,0
67,1,10,-31,0,0,0
68,1,12,-31,5,3,0
69,1,13,-27,0,0,0
70,1,14,-28,2,3,0
71,1,12,-31,5,3,0
72,1,11,-25,0,0,0
73,1,14,-26,4,3,0
74,1,12,-30,5,3,0
75,1,14,-27,2,1,0
76,1,11,-30,5,3,0
77,1,12,-32,5,3,0
78,1,14,-27,0,0,0
79,1,13,-28,4,3,0
80,1,13,-30,5,3,0
81,1,12,-30,5,3,0
82,1,15,-26,3,3,0
83,1,10,-32,4,2,0
84,1,13,-29,5,3,0
85,1,14,-22,0,0,0
86,1,13,-23,3,1,0
87,1,15,-26,5,3,0
88,1,12,-25,0,0,0
89,1,13,-22,3,2,0
90,1,10,-35,5,3,0
91,1,12,-27,0,0,0
92,1,9,-32,5,3,0
93,1,13,-22,5,3,0
94,1,11,-30,5,3,0
95,1,13,-24,0,0,0
96,1,13,-32,5,1,0
97,1,16,-22,0,0,0
98,1,10,-27,0,0,0
99,1,-1,-29,5,3,0
100,1,-11,-28,5,3,0
101,1,-12,-24,0,0,47.78093398
102,1,-5,-42,5,3,0
103,1,-3,-29,4,0,0
104,1,3,-31,0,0,0
105,1,0,-30,4,0,0
106,1,2,-30,0,0,0
107,1,5,-29,5,3,0
108,1,5,-26,3,0,0
109,1,0,-33,5,3,0
110,1,-20,-21,5,3,0
111,1,84,-9,5,3,0
112,1,11,-15,5,3,0
113,1,-25,-28,5,0,0
114,1,7,-26,5,3,0
115,1,14,-22,5,3,0
116,1,-3,-29,5,0,0
117,1,-3,-19,5,3,0
118,1,4,-32,5,3,0
119,1,-1,-39,5,3,0
120,1,1,-30,5,0,0
121,1,15,-19,5,3,0
122,1,-22,-19,5,3,0
123,1,1,-28,5,0,0
124,1,-15,-25,3,0,0
125,1,8,-18,5,3,0
126,1,0,-41,5,3,0
127,1,16,-25,5,3,0
128,1,-10,-22,5,3,0
129,1,-23,-27,5,3,0
130,1,-27,-23,4,1,0
131,1,-12,-25,3,0,0
132,1,-8,-25,5,1,0
133,1,-25,-18,5,3,0
134,1,1,-29,5,3,0
135,1,7,-20,5,3,0
136,1,9,-18,5,3,0
137,1,10,-19,5,3,0
138,1,8,-20,5,3,0
139,1,-4,-33,5,3,0
140,1,-6,-28,3,0,0
141,1,4,-21,5,3,0
142,1,1,-29,5,3,0
143,1,0,-33,5,3,0
144,1,8,-24,5,3,0
145,1,6,-28,5,3,0
146,1,10,-26,5,3,0
147,1,4,-20,5,3,0
148,1,6,-23,5,1,47.90765941
149,1,21,-19,0,0,0
150,1,28,-14,5,3,0
151,1,24,-17,5,3,0
152,1,23,-18,5,3,0
153,1,11,-28,5,3,0
154,1,10,-30,5,3,0
155,1,9,-31,5,3,0
156,1,11,-29,3,0,0
157,1,17,-23,5,3,0
158,1,17,-26,5,3,0
159,1,11,-30,5,3,0
160,1,10,-32,3,3,0
161,1,14,-28,5,3,0
162,1,28,-18,5,3,0
163,1,24,-19,5,3,0
164,1,17,-24,5,3,0
165,1,21,-22,4,0,0
166,1,22,-22,5,3,0
167,1,20,-22,5,3,0
168,1,29,-16,5,3,47.10791409
169,1,12,-28,5,3,0
170,1,22,-21,5,3,49.18634892
171,1,24,-18,0,1,46.802935
172,1,12,-25,0,0,48.94558787
173,1,20,-21,5,3,51.87868476
174,1,17,-24,5,3,0
175,1,17,-24,5,3,0
176,1,20,-24,5,3,0
177,1,18,-24,5,3,0
178,1,37,-11,5,3,0
179,1,33,-13,5,3,0
180,1,19,-23,3,0,0
181,1,21,-21,1,0,0
182,1,22,-22,5,3,0
183,1,23,-22,5,3,0
184,1,23,-22,5,3,0
185,1,22,-22,5,0,0
186,1,32,-15,5,3,0
187,1,18,-24,0,0,0
188,1,23,-22,5,3,0
189,1,23,-20,5,3,0
190,1,31,-14,5,3,0
191,1,23,-19,5,3,0
192,1,23,-20,1,0,0
193,1,24,-19,3,0,0
194,1,16,-26,5,3,0
195,1,28,-13,5,3,0
196,1,12,-29,5,3,0
197,1,22,-20,5,3,0
198,1,22,-20,5,3,0
199,1,23,-19,5,3,0
200,1,49,-10,5,3,0
201,1,14,-29,5,3,0
202,1,15,-25,5,3,0
203,1,8,-32,5,3,0
204,1,3,-33,3,0,0
205,1,1,-29,5,3,0
206,1,-8,-20,5,3,0
207,1,-4,-46,5,3,0
208,1,-15,-40,0,2,0
209,1,-3,-25,0,0,0
210,1,0,-20,0,2,0
211,1,-11,-46,0,3,0
212,1,-25,-49,5,3,0
213,1,-28,-54,0,0,0
214,1,-46,-38,0,0,0
215,1,-22,-46,0,3,0
216,1,-8,-43,5,3,0
217,1,-51,-38,0,0,0
218,1,65,9,0,0,0
219,1,7,46,0,0,0
220,1,-3,40,0,0,0
221,1,-5,44,0,3,0
222,0,0,0,0,0,0
223,0,0,0,0,0,0
224,0,0,0,0,0,0
225,0,0,0,0,0,0
226,0,0,0,0,0,0
227,0,0,0,0,0,0
228,0,0,0,0,0,0
229,0,0,0,0,0,0
230,0,0,0,0,0,0
231,0,0,0,0,0,0
232,1,-16,45,1,1,0
233,1,-6,40,0,0,0
234,1,2,-23,0,0,0
235,1,17,44,0,0,0
236,1,4,54,0,0,0
237,1,13,-28,5,3,0
238,1,7,-34,5,3,0
239,1,7,-38,5,3,0
240,1,10,-34,5,3,0
241,1,9,-32,0,3,0
242,1,13,-29,0,0,0
243,1,17,-26,5,3,0
244,1,30,-19,5,3,0
245,1,9,-36,5,3,0
246,1,15,-29,5,3,0
247,1,11,-32,3,3,0
248,1,6,-37,0,0,0
249,1,15,-30,5,3,0
250,1,20,-27,5,3,0
251,1,10,-36,3,2,0
252,1,14,-34,5,3,0
253,1,7,-36,0,0,0
254,1,9,-37,0,0,0
255,1,13,-40,5,3,0
256,1,15,-35,5,3,0
257,1,18,-34,3,3,0
258,1,15,-35,0,0,0
259,1,17,-34,5,3,0
260,1,22,-27,2,3,0
261,1,25,-20,5,3,0
262,1,16,-22,5,3,0
263,1,10,-32,5,3,0
264,1,12,-28,5,3,0
265,1,9,-28,5,3,0
266,1,11,-32,5,3,0
267,1,10,-27,5,3,0
268,1,11,-20,5,3,0
269,1,-18,28,5,0,0
270,1,-26,23,5,0,46.54477239
271,1,-33,16,5,0,0
272,1,-41,14,0,0,0
273,1,-43,10,4,0,0
274,1,-35,14,4,0,0
275,1,-30,14,5,3,0
276,1,1,-15,5,3,0
277,2,0,0,0,0,0
278,2,0,0,0,0,0
279,1,16,-19,5,3,0
280,1,14,-22,5,3,0
281,2,0,0,0,0,0
282,2,0,0,0,0,0
283,2,0,0,0,0,0
284,2,0,0,0,0,0
285,1,17,-18,5,3,0
286,1,25,-9,5,0,0
287,1,-23,15,5,0,0
288,1,-27,22,5,1,0
289,1,-27,22,5,0,0
290,1,-37,16,2,0,0
291,1,-34,11,4,0,0
292,1,-36,10,2,0,0
293,1,-31,19,5,0,0
294,1,-28,21,5,3,0
295,1,-36,13,5,3,0
296,1,-37,9,5,3,0
297,1,-35,16,4,0,0
298,1,-34,16,4,0,0
299,1,-32,18,5,3,0
300,1,-42,6,5,3,0
301,1,-32,18,5,1,0
302,1,11,-12,5,3,0
303,1,15,-20,0,0,0
304,1,19,-20,5,0,0
305,2,0,0,0,0,0
306,2,0,0,0,0,0
307,2,0,0,0,0,0
308,2,0,0,0,0,0
309,1,23,-17,5,3,0
310,1,26,-3,5,3,0
311,1,-21,13,5,0,0
312,1,-25,24,5,2,0
313,1,-27,21,5,3,0
314,1,-32,18,5,0,0
315,1,-29,19,5,0,0
316,1,-31,18,5,3,0
317,1,-32,17,5,3,0
318,1,-35,16,5,3,0
319,1,-41,9,5,3,0
320,1,-39,11,3,0,45.7275629
321,1,-39,13,3,0,0
322,1,-32,18,5,3,0
323,1,14,-22,5,3,0
324,1,19,-18,5,3,0
325,1,14,-23,4,0,0
326,1,23,-17,5,3,0
327,1,25,-9,5,3,0
328,1,17,-24,5,2,0
329,1,11,-30,5,3,0
330,1,14,-27,5,3,0
331,1,20,-22,5,3,0
332,1,24,-21,5,3,0
333,1,38,-14,5,3,0
334,1,14,-29,5,3,0
335,1,23,-20,5,3,0
336,1,21,-22,3,3,0
337,1,16,-27,5,3,0
338,1,25,-20,5,3,0
339,1,25,-17,5,3,0
340,1,17,-21,5,3,0
341,2,0,0,0,0,0
342,2,0,0,0,0,0
343,2,0,0,0,0,0
344,2,0,0,0,0,0
345,2,0,0,0,0,0
346,2,0,0,0,0,0
347,2,0,0,0,0,0
348,2,0,0,0,0,0
349,1,50,-8,5,3,0
350,1,17,-21,5,3,0
351,1,14,-27,5,3,0
352,1,20,-23,5,3,0
353,1,12,-25,5,3,0
354,1,13,-27,5,3,0
355,1,10,-31,5,3,0
356,1,9,-32,5,3,0
357,1,21,-22,5,3,0
358,1,28,-14,5,3,0
359,1,17,-18,5,1,0
360,1,22,-9,4,0,0
361,1,23,-16,5,3,0
362,1,20,-21,5,3,0
363,1,17,-23,5,3,0
364,1,21,-20,5,3,0
365,1,15,-28,5,3,0
366,1,18,-24,5,3,0
367,1,17,-25,5,3,0
368,1,19,-22,5,3,0
369,1,17,-22,5,3,0
370,1,45,-11,5,3,0
371,1,15,-27,5,3,0
372,1,16,-26,5,3,0
373,1,15,-25,5,3,0
374,1,12,-29,5,3,0
375,1,9,-33,5,3,0
376,1,13,-29,5,3,0
377,1,25,-19,5,3,0
378,1,14,-24,5,3,0
379,2,0,0,0,0,0
380,2,0,0,0,0,0
381,2,0,0,0,0,0
382,1,49,-7,5,3,0
383,1,18,-20,4,0,0
384,2,0,0,0,0,0
385,2,0,0,0,0,0
386,1,80,-2,5,3,0
387,1,-83,3,5,0,0
388,1,23,-13,0,0,0
389,1,32,-13,5,3,0
390,2,0,0,0,0,0
391,2,0,0,0,0,0
392,2,0,0,0,0,0
393,1,19,-23,5,3,0
394,1,22,-22,5,3,0
395,1,25,-16,5,3,0
396,2,0,0,0,0,0
397,2,0,0,0,0,0
398,2,0,0,0,0,0
399,2,0,0,0,0,0
400,2,0,0,0,0,0
401,2,0,0,0,0,0
402,2,0,0,0,0,0
403,2,0,0,0,0,0
404,1,28,-11,5,3,0
405,1,17,-24,5,3,0
406,1,26,-12,5,3,0
407,2,0,0,0,0,0
408,2,0,0,0,0,0
409,2,0,0,0,0,0
410,2,0,0,0,0,0
411,1,21,-17,5,3,0
412,1,11,-30,5,3,0
413,1,17,-16,5,3,0
414,2,0,0,0,0,0
415,1,19,-10,0,0,0
416,2,0,0,0,0,0
417,2,0,0,0,0,0
418,2,0,0,0,0,0
419,2,0,0,0,0,0
420,2,0,0,0,0,0
421,2,0,0,0,0,0
422,2,0,0,0,0,0
423,2,0,0,0,0,0
424,1,21,-16,5,3,0
425,1,18,-19,5,3,0
426,1,12,-26,5,3,0
427,1,27,-8,5,3,0
428,1,63,0,5,3,0
429,1,10,-28,5,1,0
430,2,0,0,0,0,0
431,1,25,-17,5,3,0
432,1,26,-15,5,3,0
433,1,10,-28,5,3,0
434,1,16,-22,5,3,0
435,1,18,-15,5,3,0
436,1,14,-22,5,3,0
437,1,14,-25,5,3,0
438,1,16,-25,5,3,0
439,1,10,-28,5,3,0
440,2,0,0,0,0,0
441,2,0,0,0,0,0
442,2,0,0,0,0,0
443,2,0,0,0,0,0
444,2,0,0,0,0,0
445,2,0,0,0,0,0
446,1,15,-25,5,3,0
447,2,0,0,0,0,0
448,2,0,0,0,0,0
449,2,0,0,0,0,0
450,1,15,-22,5,3,0
451,1,16,-21,5,3,0
452,1,21,-20,5,3,0
453,2,0,0,0,0,0
454,2,0,0,0,0,0
455,2,0,0,0,0,0
456,2,0,0,0,0,0
457,1,17,-18,5,3,0
458,1,17,-20,5,3,0
459,1,15,-22,5,3,0
460,1,15,-23,4,0,0
461,1,53,-7,5,3,0
462,1,13,-23,5,0,0
463,1,15,-22,4,0,0
464,1,31,-13,5,3,0
465,2,0,0,0,0,0
466,1,18,-23,5,3,0
467,1,35,-2,5,3,0
468,1,12,-27,5,3,0
469,1,45,-7,5,3,0
470,1,21,-18,5,3,0
471,1,13,-24,5,3,0
472,1,39,-9,5,3,0
473,1,14,-26,5,3,0
474,1,15,-22,5,3,0
475,1,27,-15,5,3,0
476,1,20,-20,5,3,0
477,1,21,-20,5,3,0
478,1,16,-22,5,3,0
479,1,17,-23,5,3,0
480,1,22,-20,5,3,0
481,1,13,-21,5,0,0
482,1,13,-22,5,3,0
483,1,17,-20,5,3,0
484,1,17,-23,5,3,0
485,1,36,-10,5,3,0
486,1,12,-26,5,3,0
487,1,15,-22,5,3,0
488,1,15,-24,5,3,0
489,1,11,-27,5,3,0
490,2,0,0,0,0,0
491,1,19,-23,5,3,0
492,1,18,-17,5,0,0
493,1,15,-21,5,3,0
494,1,9,-30,5,3,0
495,1,13,-23,5,3,0
496,1,16,-22,5,2,0
497,1,63,-5,5,3,0
498,1,16,-22,5,3,0
499,1,14,-24,5,3,0
500,1,16,-23,5,0,0
501,1,18,-18,5,0,0
502,1,21,-22,5,3,0
503,1,20,-21,5,3,0
504,1,10,-29,5,3,0
505,1,14,-21,5,3,0
506,1,12,-23,5,3,0
507,1,16,-19,5,3,0
508,1,13,-25,5,3,0
509,1,12,-26,5,3,0
510,1,13,-22,5,3,0
511,1,13,-23,5,1,0
512,1,22,-18,5,3,0
513,1,4,-19,4,0,0
514,1,12,-26,3,0,0
515,1,19,-19,5,3,0
516,1,13,-27,5,3,0
517,1,10,-30,5,3,0
518,1,11,-31,5,3,0
519,1,-1,-27,0,0,0
520,1,-25,-45,5,3,0
521,1,-5,-46,0,1,0
522,1,-11,-45,5,3,0
523,1,-26,-22,5,3,0
524,1,17,-12,0,0,0
525,1,22,-4,3,3,0
526,1,19,-18,5,3,0
527,1,16,-21,5,3,0
528,1,12,-28,5,3,0
529,1,14,-23,5,3,0
530,1,25,-18,4,3,0
531,1,22,-18,5,3,0
532,1,29,-16,5,3,0
533,1,18,-24,5,3,0
534,1,12,-32,5,3,0
535,1,15,-27,5,3,0
536,1,18,-23,5,3,0
537,1,13,-27,5,3,0
538,1,6,-33,5,3,0
539,1,22,-19,5,3,0
540,1,14,-26,5,3,0
541,1,16,-14,4,3,0
542,1,26,-12,5,3,0
543,1,20,-6,5,3,0
544,1,-8,-5,0,3,0
545,1,11,-1,0,3,0
546,1,15,-5,0,0,0
547,1,1,-23,5,3,0
548,1,2,-20,5,3,0
549,1,3,-35,5,3,0
550,1,8,-30,5,3,0
551,1,4,-31,5,3,0
552,1,3,-32,5,3,0
553,1,1,-24,5,3,0
554,1,2,-22,5,3,0
555,1,2,-34,5,3,0
556,1,7,-30,5,3,0
557,1,2,-29,5,3,0
558,1,0,-32,0,0,0
559,1,4,-29,0,0,0
560,1,3,-33,5,3,0
561,1,1,-31,0,0,0
562,1,3,-30,0,0,0
563,1,6,-32,5,3,0
564,1,1,-31,0,0,0
565,1,9,-27,5,3,0
566,1,4,-31,1,2,0
567,1,3,-33,5,3,0
568,1,2,-32,0,0,0
569,1,4,-33,5,3,0
570,1,3,-29,3,3,0
571,1,2,-33,5,3,0
572,1,2,-30,0,0,0
573,1,3,-36,5,3,0
574,1,2,-29,0,0,0
575,1,2,-40,5,3,0
576,1,4,-29,0,0,0
577,1,9,-28,5,3,0
578,1,4,-24,0,0,0
579,1,0,-37,5,3,0
580,1,8,-23,0,0,0
581,1,6,-34,5,3,0
582,1,17,-22,0,0,0
583,1,23,-17,5,3,0
584,1,17,-22,5,3,0
585,1,16,-26,0,0,0
586,1,18,-23,5,3,0
587,1,23,-19,5,3,0
588,1,12,-28,5,3,0
589,1,46,-10,5,3,0
590,1,15,-25,5,3,0
591,1,20,-22,5,3,0
592,1,15,-26,5,3,0
593,1,14,-27,5,3,0
594,1,16,-24,5,3,0
595,1,15,-25,5,3,0
596,1,14,-26,5,3,0
597,1,22,-13,5,3,0
598,1,18,-23,5,3,0
599,1,20,-21,0,0,0
600,1,21,-20,0,0,0
601,1,27,-16,5,3,0
602,1,30,-17,5,3,0
603,1,37,-12,5,3,0
604,1,13,-29,5,3,0
605,1,17,-21,5,3,0
606,1,13,-28,5,3,0
607,1,8,-33,5,3,0
608,1,8,-28,0,0,0
609,1,9,-30,5,3,0
610,1,9,-36,5,3,0
611,1,21,-22,5,3,0
612,1,13,-29,5,3,0
613,1,16,-23,5,3,0
614,1,26,-16,5,3,0
615,1,13,-29,5,3,0
616,1,13,-28,5,3,0
617,1,15,-28,5,3,0
618,1,19,-25,5,3,0
619,1,17,-27,5,3,0
620,1,19,-23,1,0,0
621,1,17,-25,3,0,0
622,1,21,-24,5,3,0
623,1,16,-27,5,3,0
624,1,21,-23,5,3,0
625,1,25,-18,5,3,0
626,1,38,-11,5,3,0
627,1,16,-26,5,3,0
628,1,17,-25,3,0,0
629,1,20,-18,5,3,0
630,1,16,-23,0,0,0
631,1,12,-30,5,3,0
632,1,7,-36,0,0,0
633,1,20,-27,4,3,0
634,1,17,-27,5,3,0
635,1,16,-21,5,3,0
636,1,11,-18,5,3,0
637,1,9,-11,5,3,0
638,1,11,-30,5,3,0
639,1,15,-24,4,2,0
640,1,13,-27,5,3,0
641,1,19,-25,5,3,0
642,1,20,-23,5,3,0
643,1,17,-14,0,0,0
644,1,11,-18,0,0,0
645,1,18,-20,5,3,53.69849205
646,1,18,-20,3,0,0
647,1,18,-21,5,3,45.08530498
648,1,22,-19,5,3,46.29798532
649,1,23,-17,5,3,52.56730318
650,1,23,-19,5,3,49.05383587
651,1,19,-22,5,3,45.93707621
652,1,20,-20,5,3,47.50950634
653,1,18,-22,4,0,45.03084123
654,1,18,-23,5,1,47.50902653
655,1,17,-21,5,3,55.605793
656,1,18,-21,5,3,51.55469775
657,1,20,-17,0,0,49.83513057
658,1,15,-26,5,3,48.78092706
659,1,21,-19,0,0,45.55707276
660,1,19,-20,5,3,49.77089763
661,1,19,-18,5,3,48.73479903
662,1,18,-20,5,3,48.49433303
663,1,20,-21,5,3,46.27279341
664,1,19,-20,3,3,49.84759688
665,1,18,-20,5,3,47.99123108
666,1,17,-25,5,3,47.89723158
667,1,14,-27,5,3,46.51122987
668,1,20,-19,5,3,47.22308218
669,1,18,-18,4,3,46.43014073
670,1,19,-18,4,0,46.89526558
671,1,21,-17,5,3,46.41285837
672,1,19,-21,5,3,50.00506639
673,1,19,-22,5,3,48.13190699
674,1,12,-28,5,3,46.95047736
675,1,17,-21,5,3,45.96311152
676,1,8,-25,5,3,45.20142078
677,1,9,-27,0,0,55.55512309
678,1,15,-19,0,0,45.3301549
679,1,21,-17,0,0,50.83854198
680,1,22,-17,3,0,47.3485291
681,1,18,-20,4,1,54.68607545
682,1,19,-20,3,0,57.79241323
683,1,20,-20,1,0,52.53495574
684,1,13,-23,3,3,49.93464053
685,1,11,-25,5,3,50.38533807
686,1,13,-22,5,3,47.8854537
687,1,16,-21,5,3,52.47626305
688,1,11,-21,5,3,52.75879502
689,1,14,-22,5,3,51.90971494
690,1,15,-24,5,3,46.56588137
691,1,14,-25,5,3,51.56513453
692,1,16,-20,0,0,45.51021159
693,1,19,-20,0,0,45.64642608
694,1,17,-17,4,0,47.12430537
695,1,12,-26,5,3,45.80746889
696,1,7,-29,5,3,0
697,1,17,-20,3,0,66.28228426
698,1,9,-22,5,3,47.20058143
699,1,13,-22,0,0,45.70047259
700,1,14,-21,0,0,47.42534459
701,1,15,-21,5,3,46.54865265
702,1,15,-23,4,1,54.8425138
703,1,14,-21,5,3,48.72467816
704,1,17,-16,5,3,47.06411362
705,1,14,-26,5,3,46.65994048
706,1,13,-23,5,3,47.58448601
707,1,15,-23,5,3,54.22072411
708,1,13,-24,5,3,46.55463994
709,1,11,-24,5,3,47.24486768
710,1,13,-24,5,3,49.84279871
711,1,10,-26,5,3,0
712,1,13,-22,5,3,46.93281353
713,1,16,-22,5,3,45.25767565
714,1,17,-23,5,3,49.26493168
715,1,15,-26,5,3,49.72738326
716,1,18,-21,5,3,49.69511032
717,1,19,-19,1,0,45.10044456
718,1,17,-20,3,0,47.85836637
719,1,16,-22,5,3,48.71543646
720,1,15,-22,5,3,48.306638
721,1,18,-19,5,3,50.95431805
722,1,16,-20,5,3,46.31936848
723,1,16,-19,5,3,0
724,1,15,-22,5,3,47.67983556
725,1,15,-21,5,3,45.07673979
726,1,16,-23,5,3,45.6569314
727,1,16,-21,5,3,45.53220272
728,1,19,-17,5,3,47.96261787
729,1,20,-19,5,3,45.6363529
730,1,18,-19,3,0,51.60261393
731,1,19,-18,5,3,46.4877516
732,1,17,-20,2,0,47.64784575
733,1,23,-14,3,0,47.06301689
734,1,13,-22,1,0,60.57814956
735,1,14,-24,0,0,54.12416458
736,1,14,-25,0,0,47.2773999
737,1,9,-24,2,0,49.74935055
738,1,14,-21,3,0,52.28902698
739,1,11,-26,5,3,50.9758532
740,1,13,-25,5,3,50.97199082
741,1,13,-21,1,0,51.57241225
742,1,9,-20,3,0,50.75592399
743,1,12,-19,0,0,57.01301098
744,1,17,-20,0,0,45.40013373
745,1,17,-20,3,0,56.37059212
746,1,16,-23,0,0,45.49215734
747,1,17,-21,0,0,47.47190177
748,1,18,-21,0,0,60.77552438
749,1,18,-21,0,0,46.61373496
750,1,18,-21,0,0,58.11899304
751,1,19,-19,0,0,58.144629
752,1,21,-17,0,0,46.63287997
753,1,16,-22,5,3,0
754,1,10,-25,5,3,0
755,1,10,-24,5,3,0
756,1,14,-24,5,3,45.32925189
757,1,10,-23,5,3,49.22141135
758,1,13,-24,5,3,47.161147
759,1,14,-23,0,0,47.48608172
760,1,17,-23,5,3,47.0296979
761,1,20,-18,5,3,49.17129874
762,1,20,-16,5,3,53.19373012
763,1,21,-20,5,3,48.07395935
764,1,23,-17,5,3,48.18666279
765,1,38,-8,5,3,48.05404246
766,1,28,-13,5,3,51.6163826
767,1,45,-8,5,3,0
768,1,29,-13,5,3,0
769,1,29,-12,5,3,0
770,1,30,-10,5,3,47.2473979
771,1,27,-13,0,0,49.5367974
772,1,29,-13,0,0,45.85531354
773,1,-11,22,0,0,51.17046833
774,1,21,-14,0,0,50.8697331
775,1,27,-14,3,0,45.87925076
776,1,24,-19,5,3,49.88945127
777,1,18,-21,5,3,49.86482561
778,1,17,-22,5,3,54.46158648
779,1,19,-22,5,3,51.7870903
780,1,18,-21,5,3,50.76420307
781,1,15,-23,5,3,53.76620889
782,1,14,-25,5,3,53.67175341
783,1,17,-22,5,3,47.28952646
784,1,19,-20,5,3,49.13907349
785,1,19,-18,5,3,45.25634646
786,1,19,-17,5,3,50.74814558
787,1,18,-19,5,3,52.13395357
788,1,17,-23,5,3,50.59812069
789,1,17,-22,5,3,47.87102342
790,1,12,-22,3,3,50.8044064
791,1,8,-26,0,0,50.55585504
792,1,11,-24,5,3,52.56851315
793,1,11,-25,5,3,45.45661807
794,1,12,-25,5,3,48.14280868
795,1,13,-24,5,3,45.93512416
796,1,13,-22,5,3,48.72784019
797,1,13,-23,5,3,45.05583048
798,1,13,-23,5,2,47.67277837
799,1,13,-25,5,3,46.02636993
800,1,15,-22,5,3,54.43529487
801,1,17,-21,5,3,47.50244021
802,1,14,-21,5,3,46.11432552
803,1,17,-20,5,3,49.5333463
804,1,18,-16,3,0,57.53993988
805,1,16,-20,3,0,48.7352401
806,1,18,-20,5,3,47.36606479
807,1,18,-20,5,3,48.93212318
808,1,15,-23,5,3,45.02282739
809,1,12,-28,5,3,0
810,1,11,-24,5,3,0
811,1,14,-24,5,3,0
812,1,12,-25,5,3,45.04710138
813,1,20,-12,5,3,55.12052178
814,1,21,-11,5,3,45.16046047
815,1,21,-13,5,2,47.69151211
816,1,16,-23,5,3,46.02620006
817,1,15,-23,5,3,0
818,1,22,-16,5,3,55.1971674
819,1,24,-16,5,3,50.72916746
820,1,33,-6,5,3,55.0858438
821,1,7,-31,5,3,0
822,1,12,-40,5,3,0
823,0,0,0,0,0,0
824,0,0,0,0,0,0
825,1,18,-38,5,3,0
826,1,-17,-23,5,3,0
827,1,38,-6,5,3,0
828,1,24,-18,5,3,46.59713507
829,1,45,-11,5,3,48.21652174
830,1,22,-19,5,3,49.82920885
831,1,13,-14,5,3,45.56198418
832,1,56,-6,5,3,49.98363853
833,1,27,-13,5,3,45.40703297
834,1,32,-10,5,0,47.61214256
835,1,42,-5,0,0,47.04734385
836,1,30,-10,0,0,45.13982832
837,1,26,-12,5,3,45.58414519
838,1,43,-1,3,0,54.90470529
839,1,25,-18,5,3,46.76926434
840,1,24,-17,5,3,48.12600911
841,1,25,-13,5,3,48.10363352
842,1,23,-10,5,3,49.64176118
843,1,25,-11,0,0,48.49717021
844,1,26,-12,5,2,48.33466113
845,1,33,-10,5,3,47.02899158
846,1,26,-12,5,1,49.53445196
847,1,28,-11,5,2,46.63227797
848,1,30,-11,5,3,48.53410721
849,1,20,-19,5,3,45.77038586
850,1,19,-21,4,2,47.53200412
851,1,22,-17,5,3,45.48201859
852,1,15,-22,5,3,46.35028541
853,1,11,-22,5,3,0
854,1,13,-19,5,3,49.64237213
855,1,-6,-16,5,3,48.0581671
856,1,-18,-13,5,3,0
857,1,5,-16,5,3,45.67652941
858,1,7,-22,0,0,48.12303483
859,1,9,-24,0,0,49.2375493
860,1,9,-24,0,0,46.12346888
861,1,13,-19,0,0,48.92581999
862,1,-19,-19,3,1,48.63316417
863,1,15,-15,1,0,48.50997031
864,1,14,-22,5,3,49.00050461
865,1,12,-24,4,1,45.68147361
866,1,14,-17,5,3,47.35842943
867,1,14,-21,5,3,54.97463346
868,1,15,-17,5,3,47.1662432
869,1,11,-27,4,0,50.5644083
870,1,12,-25,0,0,46.19172812
871,1,10,-19,0,0,48.47713709
872,1,21,-16,4,0,52.32007504
873,1,20,-21,5,3,50.12996793
874,1,17,-22,5,3,47.36038744
875,1,17,-23,5,3,52.61080861
876,1,17,-23,5,3,49.27772284
877,1,21,-19,5,3,46.25283182
878,1,17,-23,4,1,52.2762835
879,1,17,-22,5,3,53.90481353
880,1,19,-20,5,3,52.18871832
881,1,15,-22,5,3,50.25894642
882,1,12,-25,5,3,0
883,1,16,-21,5,3,46.13007307
884,1,22,-17,5,3,49.53063726
885,1,21,-18,5,3,52.39162445
886,1,17,-18,5,3,53.49053144
887,1,18,-20,5,3,0
888,1,16,-21,5,3,45.56641877
889,1,18,-20,5,3,45.76267302
890,1,18,-19,5,3,52.37213373
891,1,18,-22,5,3,55.18262982
892,1,17,-20,5,3,47.17794359
893,1,18,-20,5,3,51.32660866
894,1,18,-18,5,3,51.71417594
895,1,19,-19,5,3,52.35034227
896,1,24,-13,0,0,51.18930936
897,1,34,-11,0,0,45.08744776
898,1,22,-14,0,0,46.6329217
899,1,29,-15,0,0,47.71407545
900,1,19,-18,5,3,51.41348243
901,1,22,-10,5,3,48.79474938
902,1,19,-15,5,3,49.4802177
903,1,20,-16,5,3,47.32789993
904,1,44,-2,5,3,45.86970806
905,1,23,-15,5,3,47.24726975
906,1,24,-15,5,3,48.19731712
907,1,27,-11,5,3,46.23945653
908,1,29,-11,5,3,46.05997205
909,1,0,-16,5,3,47.07030058
910,1,21,-16,5,3,48.74070585
911,1,23,-12,5,3,49.42865372
912,1,27,-9,5,3,56.99315667
913,1,21,-17,5,3,61.17676497
914,1,22,-16,5,3,47.35785723
915,1,20,-18,5,3,51.00150704
916,1,20,-17,5,3,50.54786801
917,1,19,-16,5,3,57.26670027
918,1,28,-7,5,3,48.48348796
919,1,30,-11,5,3,52.86198854
920,1,46,-5,5,3,51.67199969
921,1,37,-8,5,3,48.9395678
922,1,19,-16,5,3,48.44334722
923,1,20,-12,5,3,47.93324172
924,1,22,-16,5,3,50.70624948
925,1,14,-21,5,3,48.05252552
926,1,12,-25,5,3,45.71970701
927,1,15,-21,5,3,45.14080584
928,1,16,-22,5,3,47.36830294
929,1,13,-21,5,3,49.51495528
930,1,17,-21,5,3,47.25599289
931,1,18,-21,5,3,45.8474189
932,1,15,-21,5,3,46.38064802
933,1,16,-21,5,3,48.5914886
934,1,18,-19,5,3,48.82217646
935,1,18,-20,5,3,49.5610714
936,1,18,-18,5,3,46.75159156
937,1,21,-17,5,3,47.2410053
938,1,26,-13,0,0,47.50296772
939,1,38,-8,0,0,48.85565639
940,1,49,-1,0,0,49.57836568
941,1,24,-16,5,2,53.26592922
942,1,20,-18,5,0,56.32827878
943,1,22,-18,5,3,57.14331269
944,1,19,-22,5,3,55.53629994
945,1,21,-15,1,0,45.0386703
946,1,21,-20,5,3,45.30401826
947,1,26,-16,5,3,55.28404117
948,1,38,-9,5,3,49.91768599
949,1,27,-17,5,3,50.34351349
950,1,28,-16,5,3,45.74679434
951,1,24,-19,5,3,47.38636315
952,1,33,-14,5,3,0
953,1,22,-19,5,3,0
954,1,21,-18,5,3,0
955,1,20,-23,5,3,0
956,1,23,-24,5,3,0
957,1,20,-24,5,3,0
958,1,19,-25,5,3,0
959,1,19,-23,5,3,0
960,1,22,-20,5,3,0
961,1,17,-21,5,3,0
962,1,11,-26,5,3,0
963,1,-15,35,5,3,0
964,1,-8,35,5,3,0
965,1,-7,37,5,0,0
966,1,-6,38,4,0,0
967,1,22,-9,5,3,0
968,1,18,-22,5,3,0
969,1,12,-15,5,3,0
970,1,18,-14,3,0,0
971,1,11,-22,3,0,0
972,1,17,-21,5,2,0
973,1,23,-16,0,0,0
974,1,20,-18,5,3,0
975,1,30,-12,5,3,0
976,1,17,-23,5,3,0
977,1,13,-30,5,3,0
978,1,14,-27,5,3,0
979,1,29,-18,5,3,0
980,1,13,-30,5,3,0
981,1,19,-25,5,3,0
982,1,21,-32,0,0,0
983,1,13,-39,4,3,0
984,1,15,-38,2,0,0
985,1,17,-35,4,3,0
986,1,18,-34,5,3,0
987,1,17,-33,2,0,0
988,1,18,-33,3,0,0
989,1,17,-35,3,2,0
990,1,19,-31,0,0,0
991,1,17,-35,5,3,0
992,1,21,-33,1,0,0
993,1,18,-35,3,3,0
994,1,20,-32,3,2,0
995,1,17,-34,3,0,0
996,1,18,-35,4,3,0
997,1,19,-32,3,0,0
998,1,18,-33,4,3,0
999,1,20,-32,4,2,0
1000,1,17,-35,5,3,0
1001,1,21,-30,3,2,0
1002,1,21,-28,4,3,0
1003,1,18,-21,5,3,0
1004,1,13,-25,5,3,0
1005,1,6,-31,5,3,0
1006,1,4,-33,5,3,0
1007,1,-34,17,5,3,0
1008,1,-27,26,5,3,0
1009,1,7,-28,5,3,0
1010,1,0,-13,0,2,0
1011,1,-47,10,0,3,0
1012,1,-17,0,0,3,0
1013,1,-6,-1,1,3,0
1014,1,6,-15,0,3,0
1015,1,11,-23,0,3,0
1016,1,1,-30,1,3,0
1017,1,-19,-11,0,3,0
1018,1,-24,-13,3,3,0
1019,1,-28,-5,4,3,0
1020,1,-4,-19,3,3,0
1021,1,6,-30,0,0,0
1022,1,6,-25,0,0,0
1023,1,9,-25,0,0,0
1024,1,4,-19,1,3,0
1025,1,58,-6,5,3,0
1026,1,20,-22,5,3,0
1027,1,12,-28,5,3,0
1028,1,13,-28,5,3,0
1029,1,14,-28,5,3,0
1030,1,18,-20,0,0,0
1031,1,16,-22,0,0,0
1032,1,15,-25,0,0,0
1033,1,15,-24,5,3,0
1034,1,17,-17,5,3,0
1035,1,28,-18,5,3,0
1036,1,28,-17,5,3,0
1037,1,25,-14,5,3,0
1038,1,18,-23,5,3,0
1039,1,12,-32,5,3,0
1040,1,12,-31,3,2,0
1041,1,15,-28,5,3,0
1042,1,14,-29,2,3,0
1043,1,12,-30,5,3,0
1044,1,14,-27,5,3,0
1045,1,14,-29,5,3,0
1046,1,16,-25,0,0,0
1047,1,34,-10,4,3,0
1048,1,12,-28,5,3,0
1049,1,13,-28,3,3,0
1050,1,22,-18,0,0,0
1051,1,24,-16,0,0,0
1052,1,23,-16,0,0,0
1053,1,24,-16,0,0,0
1054,1,16,-25,3,3,0
1055,1,10,-26,0,0,0
1056,1,9,-30,0,0,0
1057,1,11,-27,0,0,0
1058,1,13,-25,0,0,0
1059,1,10,-28,1,2,0
1060,1,11,-28,1,3,0
1061,1,17,-23,0,0,0
1062,1,13,-29,0,0,0
1063,1,14,-26,3,3,0
1064,1,15,-29,4,3,0
1065,1,15,-28,5,3,0
1066,1,11,-23,0,0,0
1067,1,15,-28,5,3,0
1068,1,15,-27,5,3,0
1069,1,15,-26,0,3,0
1070,1,21,-22,5,3,0
1071,1,20,-19,0,0,0
1072,1,20,-21,0,0,0
1073,1,20,-23,0,0,0
1074,1,20,-22,0,0,0
1075,1,21,-22,0,0,0
1076,1,18,-23,0,0,0
1077,1,17,-23,3,3,0
1078,1,15,-26,5,3,0
1079,1,15,-25,5,3,0
1080,1,18,-25,5,3,0
1081,1,21,-20,0,3,0
1082,1,25,-16,5,3,0
1083,1,11,-29,3,2,0
1084,1,21,-15,5,3,0
1085,1,32,-16,5,3,0
1086,1,37,-13,5,3,0
1087,1,9,-16,5,3,0
1088,1,11,-32,5,3,0
1089,1,14,-30,5,3,0
1090,1,12,-32,5,3,0
1091,1,10,-33,5,3,0
1092,1,12,-27,0,0,0
1093,1,14,-24,0,0,0
1094,1,14,-25,5,3,0
1095,1,12,-26,5,3,0
1096,1,14,-21,0,0,0
1097,1,12,-23,5,3,0
1098,1,11,-25,0,0,0
1099,1,11,-25,3,3,0
1100,1,12,-26,5,3,0
1101,1,13,-25,5,3,0
1102,1,11,-28,5,3,0
1103,1,12,-27,5,3,0
1104,1,12,-24,3,1,0
1105,1,10,-29,5,3,0
1106,1,11,-27,5,3,0
1107,1,12,-24,0,0,0
1108,1,12,-28,5,3,0
1109,1,13,-25,5,3,0
1110,1,14,-24,5,3,0
1111,1,15,-20,4,3,0
1112,1,16,-21,0,0,0
1113,1,10,-24,5,3,0
1114,1,13,-25,5,3,0
1115,1,9,-28,5,3,0
1116,1,11,-23,0,0,0
1117,1,15,-22,5,3,0
1118,1,12,-22,5,3,0
1119,1,12,-20,0,0,0
1120,1,11,-15,0,0,0
1121,1,13,-22,5,3,0
1122,1,10,-27,0,0,0
1123,1,10,-30,5,3,0
1124,1,11,-29,5,3,0
1125,1,14,-24,5,3,0
1126,1,10,-26,5,3,0
1127,1,10,-29,5,3,0
1128,1,9,-30,5,3,0
1129,1,6,-32,5,3,0
1130,1,10,-31,5,3,0
1131,1,12,-26,5,3,0
1132,1,15,-26,5,3,0
1133,1,14,-27,5,3,0
1134,1,12,-28,0,0,0
1135,1,12,-25,0,0,0
1136,1,14,-22,0,0,0
1137,1,14,-27,0,0,0
1138,1,13,-27,0,0,0
1139,1,12,-29,5,3,0
1140,1,9,-36,5,3,0
1141,1,10,-36,5,3,0
1142,1,11,-31,3,3,0
1143,1,14,-32,0,0,0
1144,1,12,-32,0,0,0
1145,1,14,-26,4,3,0
1146,1,19,-23,0,0,0
1147,1,14,-28,5,3,0
1148,1,17,-22,0,0,0
1149,1,14,-24,0,0,0
1150,1,14,-26,0,0,0
1151,1,14,-26,0,0,0
1152,1,12,-28,0,0,0
1153,1,16,-26,5,3,0
1154,1,17,-25,0,0,0
1155,1,13,-26,3,3,0
1156,1,17,-23,5,3,0
1157,1,15,-26,3,2,0
1158,1,13,-29,3,3,0
1159,1,18,-22,5,3,0
1160,1,18,-20,0,0,0
1161,1,19,-21,3,3,0
1162,1,17,-24,3,3,0
1163,1,14,-29,5,3,0
1164,1,14,-27,5,3,0
1165,1,14,-27,3,3,0
1166,1,13,-25,5,3,0
1167,1,13,-29,5,3,0
1168,1,16,-31,5,3,0
1169,1,13,-34,5,3,0
1170,1,13,-37,3,3,0
1171,1,18,-26,5,3,0
1172,1,13,-26,0,0,0
1173,1,14,-28,0,0,0
1174,1,17,-22,1,3,0
1175,1,16,-23,0,0,0
1176,1,16,-23,0,0,0
1177,1,14,-25,3,3,0
1178,1,16,-22,0,0,0
1179,1,16,-27,1,3,0
1180,1,17,-26,0,0,0
1181,1,15,-27,5,3,0
1182,1,19,-25,0,0,0
1183,1,19,-21,0,0,0
1184,1,19,-24,5,3,0
1185,1,15,-27,5,3,0
1186,1,16,-26,0,0,0
1187,1,18,-23,0,0,0
1188,1,18,-25,5,3,0
1189,1,19,-21,0,0,0
1190,1,18,-25,0,0,0
1191,1,18,-23,0,0,0
1192,1,16,-24,0,0,0
1193,1,16,-27,5,3,0
1194,1,16,-27,5,3,0
1195,1,15,-24,0,0,0
1196,1,16,-23,0,1,0
1197,1,18,-23,0,0,0
1198,1,19,-23,0,0,0
1199,1,24,-15,0,0,0
1200,1,15,-27,5,3,0
1201,1,13,-30,5,3,0
1202,1,10,-30,0,0,0
1203,1,13,-28,4,3,0
1204,1,13,-28,3,3,0
1205,1,14,-28,5,3,0
1206,1,14,-28,5,3,0
1207,1,15,-27,5,3,0
1208,1,13,-26,5,3,0
1209,1,15,-24,5,3,0
1210,1,12,-26,0,0,0
1211,1,13,-27,2,3,0
1212,1,14,-24,0,1,0
1213,1,15,-24,0,1,0
1214,1,19,-23,5,3,0
1215,1,16,-23,0,0,0
1216,1,21,-19,5,3,0
1217,1,18,-24,5,3,0
1218,1,19,-22,0,0,0
1219,1,17,-24,0,0,0
1220,1,19,-23,5,3,0
1221,1,16,-22,0,0,0
1222,1,19,-19,0,0,0
1223,1,20,-19,0,0,0
1224,1,17,-23,0,0,0
1225,1,19,-22,5,3,0
1226,1,24,-15,0,0,0
1227,1,17,-25,0,2,0
1228,1,17,-23,2,0,0
1229,1,18,-25,5,3,0
1230,1,17,-21,5,3,0
1231,1,18,-19,5,3,0
1232,1,16,-23,0,0,0
1233,1,17,-23,0,0,0
1234,1,18,-20,0,0,0
1235,1,16,-28,5,3,0
1236,1,26,-16,5,3,0
1237,1,16,-22,0,0,0
1238,1,16,-24,0,0,0
1239,1,18,-21,0,0,0
1240,1,20,-20,0,0,0
1241,1,20,-20,0,0,0
1242,1,20,-21,4,0,0
1243,1,18,-21,2,0,0
1244,1,39,-12,5,3,0
1245,1,23,-19,0,0,0
1246,1,20,-20,5,3,0
1247,1,13,-25,0,0,0
1248,1,11,-28,5,3,0
1249,1,13,-27,3,3,0
1250,1,14,-28,2,2,0
1251,1,27,-19,5,3,0
1252,1,12,-27,0,0,0
1253,1,20,-24,5,3,0
1254,1,35,-14,5,3,0
1255,1,14,-28,3,3,0
1256,1,16,-27,5,3,0
1257,1,51,-7,5,3,0
1258,1,29,-17,5,3,0
1259,1,17,-21,3,3,0
1260,1,15,-26,0,0,0
1261,1,15,-24,5,3,0
1262,1,14,-25,0,0,0
1263,1,12,-29,5,3,0
1264,1,13,-30,4,3,0
1265,1,60,-1,5,3,0
1266,1,57,-6,5,3,0
1267,1,13,-27,3,3,0
1268,1,13,-29,5,3,0
1269,1,24,-13,5,3,0
1270,1,21,-19,5,3,0
1271,1,18,-23,0,3,0
1272,1,26,-18,5,3,0
1273,1,20,-18,5,3,0
1274,1,19,-23,5,3,0
1275,1,18,-26,4,3,0
1276,1,17,-26,4,3,0
1277,1,15,-30,5,3,0
1278,1,21,-19,5,3,0
1279,1,28,-16,0,0,0
1280,1,14,-25,5,3,0
1281,1,14,-25,5,3,0
1282,1,18,-20,0,0,0
1283,1,24,-17,0,1,0
1284,1,43,-7,5,3,0
1285,1,13,-20,0,0,0
1286,1,20,-19,0,0,0
1287,1,21,-21,4,3,0
1288,1,27,-17,5,3,0
1289,1,17,-22,0,1,0
1290,1,19,-18,0,0,0
1291,1,33,-10,5,3,0
1292,1,18,-23,0,0,0
1293,1,16,-24,5,3,0
1294,1,16,-24,0,0,0
1295,1,18,-24,5,3,0
1296,1,21,-20,0,0,0
1297,1,16,-26,5,3,0
1298,1,14,-28,5,3,0
1299,1,10,-30,2,3,0
1300,1,21,-20,0,0,0
1301,1,19,-21,4,3,0
1302,1,14,-23,0,0,0
1303,1,9,-31,3,3,0
1304,1,11,-32,5,3,0
1305,1,21,-21,3,3,0
1306,1,14,-27,3,3,0
1307,1,21,-23,3,0,0
1308,1,9,-33,4,3,0
1309,1,12,-37,0,0,0
1310,1,15,-34,0,0,0
1311,1,12,-39,0,2,0
1312,1,16,-35,0,0,0
1313,1,15,-37,0,0,0
1314,1,15,-38,0,0,0
1315,1,12,-40,0,0,0
1316,1,9,-43,0,0,0
1317,1,10,-41,0,0,0
1318,1,16,-36,0,0,0
1319,1,17,-32,0,0,0
1320,1,20,-27,0,0,0
1321,1,19,-23,3,3,0
1322,1,18,-26,0,0,0
1323,1,19,-25,0,0,0
1324,1,17,-28,3,3,0
1325,1,17,-28,2,0,0
1326,1,23,-18,5,3,0
1327,1,19,-22,0,0,0
1328,1,14,-26,3,3,0
1329,1,23,-15,0,0,0
1330,1,30,-14,5,3,0
1331,1,20,-18,0,0,0
1332,1,16,-26,5,3,0
1333,1,19,-24,5,3,0
1334,1,15,-26,0,0,0
1335,1,12,-28,3,3,0
1336,1,20,-21,0,0,0
1337,1,29,-14,0,0,0
1338,1,15,-24,5,3,0
1339,1,5,-39,5,3,0
1340,1,18,-21,0,0,0
1341,1,24,-17,0,0,0
1342,1,23,-18,0,0,0
1343,1,22,-19,0,0,0
1344,1,17,-22,0,0,0
1345,1,13,-26,0,0,0
1346,1,17,-26,5,3,0
1347,1,23,-19,5,3,0
1348,1,17,-20,0,0,0
1349,1,16,-22,0,0,0
1350,1,15,-21,0,0,0
1351,1,13,-27,1,3,0
1352,1,28,-13,0,0,0
1353,1,15,-26,2,3,0
1354,1,13,-28,5,3,0
1355,1,13,-26,0,0,0
1356,1,14,-29,5,3,0
1357,1,11,-31,5,3,0
1358,1,16,-28,5,3,0
1359,1,18,-24,5,3,0
1360,1,16,-24,5,3,0
1361,1,23,-19,5,3,0
1362,1,16,-25,5,3,0
1363,1,18,-25,2,3,0
1364,1,17,-23,0,2,0
1365,1,15,-27,5,3,0
1366,1,14,-25,0,0,0
1367,1,7,-36,5,3,0
1368,1,14,-29,3,3,0
1369,1,20,-22,0,0,0
1370,1,8,-25,0,0,0
1371,1,9,-30,0,0,0
1372,1,22,-20,5,3,0
1373,1,11,-31,2,3,0
1374,1,15,-27,0,2,0
1375,1,12,-30,4,3,0
1376,1,12,-23,0,0,0
1377,1,17,-22,0,0,0
1378,1,15,-25,4,3,0
1379,1,15,-26,3,3,0
1380,1,15,-27,2,1,0
1381,1,14,-28,3,2,0
1382,1,40,-5,0,0,0
1383,1,16,-23,5,3,0
1384,1,18,-21,5,3,0
1385,1,11,-30,0,1,0
1386,1,13,-26,2,3,0
1387,1,22,-19,4,3,0
1388,1,36,-13,5,3,0
1389,1,19,-20,0,0,0
1390,1,17,-21,0,0,0
1391,1,20,-20,5,3,0
1392,1,19,-21,5,3,0
1393,1,17,-24,5,3,0
1394,1,16,-23,0,0,0
1395,1,16,-22,0,0,0
1396,1,19,-20,0,0,0
1397,1,15,-27,5,3,0
1398,1,14,-27,0,3,0
1399,1,14,-27,5,3,0
1400,1,15,-24,0,0,0
1401,1,18,-21,5,3,0
1402,1,12,-27,0,1,0
1403,1,13,-27,0,1,0
1404,1,13,-28,1,1,0
1405,1,15,-24,0,0,0
1406,1,17,-24,0,0,0
1407,1,20,-22,0,0,0
1408,1,19,-22,0,0,0
1409,1,18,-23,0,0,0
1410,1,19,-24,0,0,0
1411,1,20,-20,0,0,0
1412,1,24,-17,0,0,0
1413,1,12,-29,5,3,0
1414,1,19,-21,5,0,0
1415,1,23,-18,0,0,0
1416,1,20,-19,3,0,0
1417,1,20,-20,0,0,0
1418,1,15,-25,0,0,0
1419,1,20,-19,0,0,0
1420,1,12,-29,5,3,0
1421,1,25,-19,5,3,0
1422,1,15,-24,0,0,0
1423,1,12,-30,5,3,0
1424,1,50,-8,5,3,0
1425,1,12,-27,0,0,0
1426,1,24,-17,5,3,0
1427,1,14,-25,3,3,0
1428,1,13,-28,0,2,0
1429,1,10,-33,5,3,0
1430,1,18,-23,5,3,0
1431,1,13,-28,3,3,0
1432,1,13,-28,5,3,0
1433,1,16,-24,0,0,0
1434,1,19,-21,0,0,0
1435,1,17,-23,0,0,0
1436,1,17,-22,0,0,0
1437,1,14,-27,5,3,0
1438,1,15,-27,1,0,0
1439,1,15,-26,2,0,0
1440,1,14,-26,3,0,0
1441,1,13,-28,5,3,0
1442,1,14,-28,3,3,0
1443,1,15,-25,0,1,0
1444,1,18,-23,5,3,0
1445,1,39,-12,5,3,0
1446,1,41,-13,5,3,0
1447,1,14,-30,5,3,0
1448,1,13,-27,0,0,0
1449,1,13,-28,3,2,0
1450,1,13,-30,5,3,0
1451,1,11,-31,5,3,0
1452,1,13,-25,4,3,0
1453,1,13,-27,0,0,0
1454,1,12,-28,0,0,0
1455,1,12,-27,0,0,0
1456,1,14,-28,5,3,0
1457,1,14,-26,5,3,0
1458,1,14,-27,5,3,0
1459,1,18,-24,5,3,0
1460,1,11,-31,5,3,0
1461,1,13,-29,5,3,0
1462,1,13,-28,5,3,0
1463,1,4,-38,5,3,0
1464,1,12,-24,0,3,0
1465,1,12,-23,0,0,0
1466,1,25,-15,0,0,0
1467,1,24,-13,0,1,0
1468,1,32,-4,0,0,0
1469,1,35,-5,0,0,0
1470,1,-26,30,0,0,0
1471,1,-44,21,0,3,0
1472,1,-32,26,0,0,0
1473,1,11,-22,5,3,0
1474,1,13,-30,2,2,0
1475,1,17,-21,0,0,0
1476,1,16,-23,0,0,0
1477,1,16,-22,0,0,0
1478,1,15,-24,0,0,0
1479,1,14,-28,2,3,0
1480,1,16,-25,0,0,0
1481,1,16,-24,0,0,0
1482,1,17,-23,0,0,0
1483,1,19,-21,0,0,0
1484,1,21,-18,0,0,0
1485,1,19,-20,0,0,0
1486,1,14,-30,4,3,0
1487,1,15,-30,5,3,0
1488,1,18,-23,0,0,0
1489,1,30,-12,0,0,0
1490,1,33,-6,5,3,0
1491,1,17,-21,0,0,0
1492,1,6,-31,4,3,0
1493,1,11,-25,0,0,0
1494,1,20,-18,0,0,0
1495,1,17,-23,0,0,0
1496,1,11,-28,0,0,0
1497,1,12,-27,0,0,0
1498,1,10,-25,0,0,0
1499,1,10,-29,0,0,0
1500,1,13,-22,0,0,0
1501,1,13,-23,0,0,0
1502,1,13,-25,0,0,0
1503,1,11,-33,5,3,0
1504,1,19,-21,0,0,0
1505,1,15,-27,0,0,0
1506,1,15,-26,0,0,0
1507,1,20,-22,5,3,0
1508,1,19,-23,5,3,0
1509,1,14,-25,0,0,0
1510,1,14,-28,3,3,0
1511,1,14,-25,0,0,0
1512,1,11,-30,0,2,0
1513,1,13,-27,1,2,0
1514,1,12,-29,5,3,0
1515,1,17,-21,0,2,0
1516,1,15,-23,0,0,0
1517,1,17,-24,0,0,0
1518,1,21,-20,0,0,0
1519,1,19,-20,2,0,0
1520,1,21,-20,5,3,0
1521,1,16,-26,5,3,0
1522,1,12,-27,0,0,0
1523,1,8,-24,0,0,0
1524,1,10,-26,5,3,0
1525,1,9,-27,5,3,0
1526,1,13,-26,5,3,0
1527,1,27,-17,3,3,0
1528,1,16,-21,5,3,0
1529,1,12,-22,0,3,0
1530,1,7,-27,5,3,0
1531,1,10,-23,5,3,0
1532,1,11,-26,0,0,0
1533,1,4,-34,5,3,0
1534,1,15,-22,5,3,0
1535,1,11,-25,0,0,0
1536,1,9,-26,0,0,0
1537,1,11,-25,3,3,0
1538,1,10,-25,0,0,0
1539,1,11,-23,0,0,0
1540,1,16,-21,0,0,0
1541,1,14,-29,5,3,0
1542,1,15,-27,5,3,0
1543,1,16,-20,0,0,0
1544,1,16,-24,0,0,0
1545,1,17,-21,0,0,0
1546,1,16,-20,0,0,0
1547,1,13,-24,0,0,0
1548,1,13,-26,5,3,0
1549,1,19,-20,5,3,0
1550,1,13,-25,3,3,0
1551,1,19,-20,0,2,0
1552,1,19,-21,0,0,0
1553,1,18,-19,0,0,0
1554,1,18,-19,0,0,0
1555,1,16,-19,0,0,0
1556,1,13,-23,0,0,0
1557,1,19,-18,0,0,0
1558,1,15,-24,5,3,0
1559,1,14,-31,5,3,0
1560,1,13,-29,5,3,0
1561,1,19,-22,0,0,0
1562,1,32,-13,0,0,0
1563,1,19,-20,0,0,0
1564,1,20,-22,0,0,0
1565,1,14,-23,0,0,0
1566,1,12,-28,4,3,0
1567,1,24,-18,5,3,0
1568,1,20,-21,3,0,0
1569,1,17,-24,5,3,0
1570,1,15,-27,5,3,0
1571,1,16,-23,0,0,0
1572,1,14,-23,0,0,0
1573,1,13,-26,0,1,0
1574,1,15,-25,0,0,0
1575,1,15,-25,0,1,0
1576,1,37,-12,5,3,0
1577,1,13,-26,4,3,0
1578,1,77,0,5,3,0
1579,1,16,-25,4,3,0
1580,1,11,-30,3,0,0
1581,1,15,-27,5,3,0
1582,1,16,-23,0,0,0
1583,1,10,-29,3,3,0
1584,1,16,-27,5,3,0
1585,1,23,-19,5,3,0
1586,1,20,-18,0,0,0
1587,1,19,-22,5,3,0
1588,1,17,-21,0,0,0
1589,1,15,-23,0,0,0
1590,1,24,-17,0,0,0
1591,1,10,-28,5,3,0
1592,1,15,-23,5,3,0
1593,1,16,-25,0,2,0
1594,1,12,-27,5,3,0
1595,1,12,-24,0,0,0
1596,1,12,-26,4,3,0
1597,1,13,-25,0,0,0
1598,1,16,-24,0,0,0
1599,1,16,-20,0,0,0
1600,1,9,-30,5,3,0
1601,1,13,-28,5,3,0
1602,1,15,-26,0,0,0
1603,1,10,-33,5,3,0
1604,1,9,-35,5,3,0
1605,1,10,-33,5,3,0
1606,1,10,-29,0,3,0
1607,1,8,-33,2,3,0
1608,1,7,-43,0,0,0
1609,1,10,-30,0,0,0
1610,1,14,-26,5,3,0
1611,1,-14,34,5,3,0
1612,1,-11,40,0,0,50.04571676
1613,1,-14,39,0,0,0
1614,1,-12,42,0,0,0
1615,1,-11,45,0,0,0
1616,1,-8,50,0,0,57.80561566
1617,1,-11,54,0,0,0
1618,1,-13,49,0,0,0
1619,1,-4,39,2,0,0
1620,1,8,-29,0,0,0
1621,1,12,-25,0,0,0
1622,1,10,-31,5,3,0
1623,1,9,-27,0,0,0
1624,1,14,-25,5,3,0
1625,1,14,-27,0,0,0
1626,1,13,-28,5,3,0
1627,1,12,-26,0,0,0
1628,1,14,-27,5,3,0
1629,1,14,-28,5,3,0
1630,1,13,-28,5,3,0
1631,1,12,-28,0,0,0
1632,1,10,-30,5,3,0
1633,1,5,-26,0,0,0
1634,1,16,-25,0,0,0
1635,1,16,-28,5,3,0
1636,1,16,-27,5,3,0
1637,1,21,-24,0,0,0
1638,1,14,-30,3,3,0
1639,1,17,-32,0,0,0
1640,1,21,-28,0,0,0
1641,1,14,-30,4,3,0
1642,1,14,-28,0,3,0
1643,1,13,-30,2,2,0
1644,1,16,-25,5,3,0
1645,1,15,-28,5,3,0
1646,1,21,-28,1,3,0
1647,1,25,-26,0,0,0
1648,1,24,-27,0,0,0
1649,1,25,-28,0,0,0
1650,1,24,-28,0,0,0
1651,1,28,-26,0,0,0
1652,1,26,-26,0,0,0
1653,1,31,-16,3,3,0
1654,1,25,-19,3,2,0
1655,1,20,-21,0,0,0
1656,1,16,-22,3,3,0
1657,1,19,-21,0,0,0
1658,1,11,-27,4,3,0
1659,1,16,-20,0,0,0
1660,1,22,-16,1,0,0
1661,1,10,-26,0,0,0
1662,1,18,-23,0,0,0
1663,1,26,-16,0,0,0
1664,1,33,-11,0,0,0
1665,1,21,-20,2,0,0
1666,1,9,-28,3,0,0
1667,1,18,-23,2,0,0
1668,1,12,-23,0,0,0
1669,1,13,-12,0,0,0
1670,1,-1,-25,0,0,0
1671,1,33,-9,0,0,0
1672,1,14,-28,5,3,0
1673,1,23,-16,1,0,0
1674,1,25,-18,5,3,0
1675,1,15,-24,4,2,0
1676,1,19,-16,0,0,0
1677,1,16,-22,0,0,0
1678,1,20,-18,0,0,0
1679,1,22,-18,0,0,0
1680,1,18,-20,0,0,0
1681,1,19,-19,0,0,0
1682,1,13,-25,0,0,0
1683,1,29,-13,0,0,0
1684,1,-29,23,0,0,0
1685,1,6,-15,0,0,0
1686,1,-54,11,0,0,0
1687,1,-21,27,5,3,0
1688,1,-20,28,5,3,0
1689,1,-18,30,0,0,0
1690,1,-29,22,0,0,0
1691,1,-30,22,0,0,0
1692,1,-34,20,4,3,0
1693,1,9,-19,0,0,0
1694,1,16,-19,0,0,0
1695,1,24,-19,0,0,0
1696,1,18,-20,0,0,0
1697,1,21,-19,0,0,0
1698,1,16,-25,0,0,0
1699,1,15,-27,5,3,0
1700,1,17,-26,5,3,0
1701,1,18,-21,0,0,0
1702,1,15,-29,5,3,0
1703,1,17,-26,3,2,0
1704,1,13,-29,4,3,0
1705,1,18,-21,0,0,0
1706,1,21,-19,0,0,0
1707,1,23,-21,5,3,0
1708,1,35,-12,5,3,0
1709,1,18,-19,0,0,0
1710,1,33,-13,5,3,0
1711,1,24,-17,0,0,0
1712,1,22,-19,0,0,0
1713,1,63,-2,5,3,0
1714,1,24,-16,0,0,0
1715,1,16,-21,0,0,0
1716,1,13,-24,0,0,0
1717,1,24,-16,2,3,0
1718,1,41,-9,5,3,0
1719,1,40,-10,5,3,0
1720,1,20,-19,5,3,0
1721,1,15,-25,5,3,0
1722,1,12,-29,4,3,0
1723,1,58,-6,5,3,0
1724,1,23,-20,5,3,0
1725,1,13,-29,3,3,0
1726,1,39,-11,5,3,0
1727,1,19,-20,5,3,0
1728,1,68,7,5,3,0
1729,1,17,-24,4,3,0
1730,1,15,-28,5,3,0
1731,1,11,-32,5,3,0
1732,1,12,-30,5,3,0
1733,1,14,-31,5,3,0
1734,1,22,-28,0,0,0
1735,1,17,-34,0,0,0
1736,1,22,-29,0,0,0
1737,1,20,-31,3,2,0
1738,1,23,-28,0,0,0
1739,1,21,-30,0,0,0
1740,1,25,-20,4,3,0
1741,1,15,-23,0,0,0
1742,1,32,-15,5,3,0
1743,1,9,-32,5,3,0
1744,1,19,-16,0,0,0
1745,1,-61,-11,0,2,46.23522162
1746,1,-6,-46,5,3,0
1747,1,-35,-27,0,0,0
1748,1,-42,-26,0,0,0
1749,1,-57,-23,0,0,0
1750,1,10,-30,5,3,0
1751,1,-12,-24,0,0,0
1752,1,89,-13,0,0,0
1753,1,-3,-31,0,0,0
1754,1,-60,-22,0,0,0
1755,1,-56,-23,0,0,0
1756,1,-2,-32,0,0,0
1757,1,12,-19,0,0,0
1758,1,13,-31,2,1,0
1759,1,13,-31,5,3,0
1760,1,17,-30,5,3,0
1761,1,15,-31,5,3,0
1762,1,8,-33,5,3,0
1763,1,5,-34,5,3,0
1764,1,4,-28,5,3,0
1765,1,-1,-23,0,0,0
1766,1,6,-23,2,0,0
1767,1,4,-25,2,0,0
1768,1,6,-23,3,0,0
1769,1,7,-24,0,0,0
1770,1,6,-19,0,0,0
1771,1,9,-19,2,0,0
1772,1,9,-24,1,0,0
1773,1,4,-22,4,0,0
1774,1,4,-21,4,0,0
1775,1,4,-33,5,3,0
1776,1,1,-37,5,3,0
1777,1,5,-31,5,3,0
1778,1,1,-35,5,3,0
1779,1,2,-31,0,0,0
1780,1,7,-28,0,0,0
1781,1,-29,14,5,3,0
1782,1,3,-34,5,3,0
1783,1,-38,5,5,3,0
1784,1,0,-35,5,3,0
1785,1,-28,13,5,3,0
1786,1,15,-26,3,0,0
1787,1,85,-11,3,3,0
1788,1,40,-18,5,3,0
1789,1,-27,12,3,0,0
1790,1,3,-33,4,3,0
1791,1,3,-33,4,3,0
1792,1,3,-32,3,0,0
1793,1,5,-30,2,0,0
1794,1,27,-23,3,0,0
1795,1,-56,1,5,3,0
1796,1,13,-34,0,0,0
1797,1,9,-33,3,1,0
1798,1,6,-35,5,3,0
1799,1,11,-40,0,0,0
1800,1,13,-39,1,0,0
1801,1,15,-36,3,2,0
1802,1,15,-36,0,0,0
1803,1,16,-37,0,0,0
1804,1,12,-42,1,0,0
1805,1,15,-37,0,0,0
1806,1,15,-37,0,0,0
1807,1,16,-36,0,2,0
1808,1,12,-36,5,3,0
1809,1,15,-29,3,0,0
1810,1,28,-20,5,3,0
1811,1,19,-23,5,3,0
1812,1,10,-30,5,3,0
1813,1,5,-29,0,0,0
1814,1,-23,19,4,0,0
1815,1,-12,27,4,0,0
1816,1,-16,34,4,0,0
1817,1,-23,30,0,0,0
1818,1,-12,52,2,0,0
1819,1,-12,52,0,0,0
1820,1,-10,53,0,0,0
1821,1,-18,38,0,0,0
1822,1,-19,35,0,2,0
1823,1,-21,21,4,3,0
1824,1,-21,25,4,0,0
1825,1,-23,24,0,0,0
1826,1,1,-29,2,0,0
1827,1,5,-25,5,3,0
1828,1,10,-24,5,3,0
1829,1,6,-30,5,3,0
1830,1,4,-25,5,2,0
1831,1,4,-25,5,3,0
1832,1,5,-31,5,3,0
1833,1,-1,-32,5,3,0
1834,1,3,-38,5,3,0
1835,1,4,-38,4,2,0
1836,1,7,-38,0,0,0
1837,1,11,-41,0,0,0
1838,1,14,-38,0,0,0
1839,1,9,-40,0,0,0
1840,1,-2,-35,2,0,0
1841,1,15,-33,0,0,0
1842,1,23,-29,0,0,0
1843,1,24,-28,0,0,0
1844,1,2,-35,5,2,0
1845,1,9,-36,1,0,0
1846,1,14,-28,3,1,0
1847,1,10,-26,1,0,0
1848,1,10,-29,5,3,0
1849,1,-3,-23,5,3,0
1850,1,13,-24,5,3,0
1851,1,-35,11,5,3,0
1852,1,-22,21,5,3,0
1853,1,-12,28,1,0,0
1854,1,-16,29,4,0,0
1855,1,-14,28,1,0,0
1856,1,-17,25,3,0,0
1857,1,-21,27,1,0,0
1858,1,-15,20,4,2,0
1859,1,-20,16,5,3,0
1860,1,-86,-3,5,3,0
1861,1,19,-20,5,3,0
1862,1,34,-5,5,3,0
1863,1,46,-2,5,3,0
1864,1,25,-10,5,3,0
1865,1,12,-22,5,3,0
1866,1,3,-27,5,0,0
1867,1,-1,-34,3,0,0
1868,1,-49,2,5,3,0
1869,1,-29,14,0,0,0
1870,1,-25,23,5,0,0
1871,1,-32,17,4,0,0
1872,1,-36,14,4,0,0
1873,1,-35,15,4,0,0
1874,1,-20,35,3,2,0
1875,1,-7,51,0,0,0
1876,0,0,0,0,0,0
1877,0,0,0,0,0,0
1878,0,0,0,0,0,0
1879,0,0,0,0,0,0
1880,1,-12,49,0,1,0
1881,1,-19,35,5,3,0
1882,1,83,1,5,3,0
1883,1,27,-10,5,3,0
1884,1,25,-10,0,3,0
1885,1,22,-19,5,3,0
1886,1,24,-15,3,3,0
1887,1,27,-13,4,3,0
1888,1,24,-15,3,3,0
1889,1,23,-15,5,3,0
1890,1,24,-17,5,3,0
1891,1,27,-15,3,3,0
1892,1,27,-14,0,0,0
1893,1,21,-22,5,3,0
1894,1,22,-20,5,3,0
1895,1,22,-20,5,3,0
1896,1,18,-22,0,3,0
1897,1,26,-16,5,3,0
1898,1,13,-27,5,3,0
1899,1,15,-27,5,3,0
1900,1,15,-28,5,3,0
1901,1,16,-27,5,3,0
1902,1,14,-28,5,3,0
1903,1,20,-22,5,3,0
1904,1,37,-10,5,3,0
1905,1,84,0,5,3,0
1906,1,12,-27,3,3,0
1907,1,17,-26,5,3,0
1908,1,34,-12,5,3,0
1909,1,45,-9,5,3,0
1910,1,47,-6,5,3,0
1911,1,25,-11,5,3,0
1912,1,5,-15,5,3,0
1913,1,-74,4,5,3,0
1914,1,12,-29,5,3,0
1915,1,19,-23,5,3,0
1916,1,17,-25,5,3,0
1917,1,15,-24,2,3,0
1918,1,12,-26,0,2,0
1919,1,13,-27,5,3,0
1920,1,13,-33,5,3,0
1921,1,15,-36,1,0,0
1922,1,12,-40,0,2,0
1923,1,13,-38,0,0,0
1924,1,14,-37,0,0,0
1925,1,17,-36,2,3,0
1926,1,19,-31,3,3,0
1927,1,19,-33,0,1,0
1928,1,16,-35,0,0,0
1929,1,20,-34,0,1,0
1930,1,24,-30,0,2,0
1931,1,23,-32,0,0,0
1932,1,22,-31,2,2,0
1933,1,25,-28,4,3,0
1934,1,21,-22,5,3,0
1935,1,18,-21,5,3,0
1936,1,16,-24,5,3,0
1937,1,14,-24,5,3,0
1938,1,13,-26,5,3,0
1939,1,17,-18,5,3,0
1940,1,17,-20,5,3,0
1941,1,-80,3,5,3,0
1942,1,10,-31,5,3,0
1943,1,10,-29,5,3,0
1944,1,15,-20,0,0,0
1945,1,16,-19,0,0,0
1946,1,15,-20,0,0,0
1947,1,15,-22,3,3,0
1948,1,18,-21,0,0,0
1949,1,19,-21,5,3,0
1950,1,26,-18,5,3,0
1951,1,17,-23,1,2,0
1952,1,19,-19,0,0,0
1953,1,18,-21,0,0,0
1954,1,18,-21,5,3,0
1955,1,21,-19,2,3,0
1956,1,-7,31,5,3,0
1957,1,-9,50,0,0,0
1958,1,-7,52,0,0,0
1959,1,-11,42,0,0,0
1960,1,11,-27,3,3,0
1961,1,16,-27,5,3,0
1962,1,21,-22,5,3,0
1963,1,18,-21,0,0,0
1964,1,20,-19,0,0,0
1965,1,23,-18,0,0,0
1966,1,20,-18,0,0,0
1967,1,20,-18,2,0,0
1968,1,18,-23,5,3,0
1969,1,19,-23,5,3,0
1970,1,19,-21,0,0,0
1971,1,17,-25,5,3,0
1972,1,19,-21,5,3,0
1973,1,23,-16,0,0,0
1974,1,16,-25,5,3,0
1975,1,19,-17,5,3,0
1976,1,22,-17,0,0,0
1977,1,18,-22,0,0,0
1978,1,37,-11,5,3,0
1979,1,13,-29,5,3,0
1980,1,12,-30,1,0,0
1981,1,35,-13,5,3,0
1982,1,14,-28,5,3,0
1983,1,15,-26,5,3,0
1984,1,18,-23,4,3,0
1985,1,62,-4,5,3,0
1986,1,63,-5,5,3,0
1987,1,33,-15,5,3,0
1988,1,29,-14,0,0,0
1989,1,-35,-12,5,3,0
1990,1,15,-28,5,3,0
1991,1,18,-24,5,3,0
1992,1,12,-28,0,3,0
1993,1,32,-18,5,3,0
1994,1,13,-28,5,3,0
1995,1,23,-19,5,3,0
1996,1,14,-30,5,3,0
1997,1,11,-27,0,0,0
1998,1,14,-26,5,3,0
1999,1,12,-29,5,3,0
2000,1,13,-27,5,3,0
2001,1,13,-26,5,3,0
2002,1,13,-27,5,3,0
2003,1,13,-28,5,3,0
2004,1,12,-29,5,3,0
2005,1,14,-28,5,3,0
2006,1,15,-25,5,3,0
2007,1,10,-32,2,0,0
2008,1,10,-31,0,0,0
2009,1,13,-28,5,3,0
2010,1,13,-27,0,3,0
2011,1,12,-30,0,0,0
2012,1,14,-26,1,1,0
2013,1,20,-19,5,3,0
2014,1,11,-27,0,3,0
2015,1,26,-18,5,3,0
2016,1,12,-31,5,3,0
2017,1,59,-3,5,3,0
2018,1,15,-25,5,3,0
2019,1,14,-29,5,3,0
2020,1,20,-18,5,3,0
2021,1,11,-23,0,0,0
2022,1,15,-23,0,0,0
2023,1,14,-20,0,0,0
2024,1,13,-25,0,0,0
2025,1,14,-27,5,3,0
2026,1,12,-28,5,3,0
2027,1,13,-29,5,3,0
2028,1,14,-26,5,3,0
2029,1,11,-32,5,3,0
2030,1,12,-28,5,3,0
2031,1,21,-21,5,3,0
2032,1,12,-25,0,0,0
2033,1,10,-30,0,0,0
2034,1,10,-30,0,0,0
2035,1,12,-30,5,3,0
2036,1,12,-28,0,0,0
2037,1,11,-30,5,3,0
2038,1,11,-31,0,3,0
2039,1,12,-27,5,3,0
2040,1,8,-29,0,0,0
2041,1,-23,-16,5,3,0
2042,1,10,-29,0,3,0
2043,1,12,-27,5,3,0
2044,1,11,-27,5,3,0
2045,1,10,-28,5,3,0
2046,1,9,-30,5,3,0
2047,1,8,-32,5,3,0
2048,1,9,-33,5,3,0
2049,1,9,-33,5,3,0
2050,1,8,-34,5,3,0
2051,1,9,-31,5,3,0
2052,1,11,-30,5,3,0
2053,1,9,-31,5,3,0
2054,1,9,-31,5,3,0
2055,1,9,-33,5,3,0
2056,1,12,-27,5,3,0
2057,1,13,-22,5,3,0
2058,1,15,-19,5,3,0
2059,1,10,-33,3,3,0
2060,1,13,-24,5,3,0
2061,1,14,-27,2,3,0
2062,1,14,-23,5,3,0
2063,1,9,-28,5,3,0
2064,1,7,-32,1,3,0
2065,1,7,-31,0,3,0
2066,1,6,-32,3,3,0
2067,1,7,-32,0,3,0
2068,1,8,-30,0,3,0
2069,1,10,-30,0,3,0
2070,1,8,-32,0,3,0
2071,1,11,-30,3,3,0
2072,1,11,-29,5,3,0
2073,1,10,-29,5,3,0
2074,1,13,-20,5,3,0
2075,1,7,-31,5,3,0
2076,1,11,-31,5,3,0
2077,1,11,-26,5,3,0
2078,1,18,-20,5,3,0
2079,1,38,-11,5,3,0
2080,1,77,-2,5,3,0
2081,1,11,-28,5,3,0
2082,1,13,-25,4,3,0
2083,1,33,-12,5,3,0
2084,1,8,-33,5,3,0
2085,1,8,-34,0,0,0
2086,1,13,-40,1,0,0
2087,1,10,-42,0,0,0
2088,1,15,-37,0,0,0
2089,1,18,-28,3,3,0
2090,1,21,-22,0,0,0
2091,1,15,-22,3,3,0
2092,1,13,-23,0,0,0
2093,1,17,-21,0,0,0
2094,1,9,-21,0,0,0
2095,1,28,-15,5,3,0
2096,1,-3,-14,5,3,0
2097,1,33,-10,1,3,0
2098,1,-12,-10,0,3,0
2099,1,12,-21,0,0,0
2100,1,18,-18,0,0,0
2101,1,0,43,0,0,0
2102,1,20,-16,0,0,0
2103,1,37,8,0,0,0
2104,1,24,-1,0,0,0
2105,1,14,-2,0,1,0
2106,1,16,-10,0,1,0
2107,1,11,-11,0,0,0
2108,1,16,-10,0,2,0
2109,1,26,-10,3,3,0
2110,1,18,-18,3,3,0
2111,1,18,-16,3,3,0
2112,1,18,-11,0,0,0
2113,1,18,-16,0,2,0
2114,1,35,1,0,0,0
2115,1,17,-10,0,1,0
2116,1,15,-12,2,3,0
2117,1,22,-13,0,0,0
2118,1,18,-19,0,0,0
2119,1,17,-17,3,3,0
2120,1,14,-18,3,3,0
2121,1,13,-23,0,0,0
2122,1,14,-22,3,3,0
2123,1,31,-9,5,3,0
2124,1,69,3,5,3,0
2125,1,14,-17,5,3,0
2126,1,15,-25,4,3,0
2127,1,23,-14,4,3,0
2128,1,11,-27,1,2,0
2129,1,9,-27,5,3,0
2130,1,10,-30,5,3,0
2131,1,24,-22,5,3,0
2132,1,20,-23,0,0,0
2133,1,28,-20,0,0,0
2134,1,25,-21,0,0,0
2135,1,17,-21,0,1,0
2136,1,22,-18,0,1,0
2137,1,21,-18,2,0,0
2138,1,15,-23,0,0,0
2139,1,17,-22,4,0,0
2140,1,15,-18,5,0,0
2141,1,-23,27,5,3,0
2142,1,13,-24,5,3,0
2143,1,21,-15,5,3,0
2144,1,25,-14,5,3,0
2145,1,14,-23,4,3,0
2146,1,6,-25,0,0,0
2147,1,10,-26,2,3,0
2148,1,19,-24,5,3,0
2149,1,14,-33,0,0,0
2150,1,24,-29,0,0,0
2151,1,16,-31,0,0,0
2152,1,15,-33,0,0,0
2153,1,23,-23,5,3,0
2154,1,29,-18,4,3,0
2155,1,19,-23,0,1,0
2156,1,26,-18,5,3,0
2157,1,14,-26,5,3,0
2158,1,19,-22,3,3,0
2159,1,30,-14,5,3,0
2160,1,19,-23,3,3,0
2161,1,41,-5,5,3,0
2162,1,13,-28,5,3,0
2163,1,16,-24,3,3,0
2164,1,22,-18,4,3,0
2165,1,12,-29,0,2,0
2166,1,18,-22,0,2,0
2167,1,19,-19,3,3,0
2168,1,13,-28,3,3,0
2169,1,15,-27,3,3,0
2170,1,17,-24,0,1,0
2171,1,19,-19,5,3,0
2172,1,15,-26,0,3,0
2173,1,14,-26,3,3,0
2174,1,17,-23,5,3,0
2175,1,13,-28,0,3,0
2176,1,13,-27,0,0,0
2177,1,15,-26,0,0,0
2178,1,15,-26,0,0,0
2179,1,16,-22,0,0,0
2180,1,18,-19,0,0,0
2181,1,18,-12,0,0,0
2182,1,21,-2,0,0,0
2183,1,25,-8,0,3,0
2184,1,15,-6,3,3,0
2185,1,6,-12,2,3,0
2186,1,32,0,5,3,0
2187,1,15,-10,4,3,0
2188,1,6,-21,5,3,0
2189,1,-59,-12,5,3,0
