,no_faces,Angle1,Angle2,cnt_inner,cnt_outer,Phone_detected
12,1,-65,7,0,3,0
13,1,-60,14,0,0,0
14,1,-58,16,0,0,0
15,1,-52,15,0,0,0
16,1,-58,12,0,0,0
17,1,-80,2,0,0,0
18,1,-86,-1,0,0,0
19,1,84,-4,0,0,0
20,1,63,-9,0,0,0
21,1,71,-7,0,0,0
22,1,66,-8,0,0,0
23,1,62,-10,0,0,0
24,1,80,-6,0,0,0
25,1,69,-7,0,0,0
26,1,79,-4,0,1,0
27,1,76,-3,0,3,0
28,1,68,-6,0,0,0
29,1,59,-5,0,0,0
30,1,50,-10,0,0,0
31,1,49,-13,3,3,0
32,1,43,-14,0,0,0
33,1,46,-15,0,0,0
34,1,50,-12,1,3,0
35,1,44,-13,0,0,0
36,1,51,-11,0,3,0
37,1,44,-16,0,1,0
38,1,45,-15,4,3,0
39,1,67,-8,3,0,0
40,1,68,-8,0,0,0
41,1,58,-9,0,0,0
42,1,54,-11,0,0,0
43,1,57,-11,0,0,0
44,1,82,-6,0,0,0
45,1,79,-6,0,0,0
47,1,74,-5,0,1,0
48,1,54,-10,0,0,0
50,1,78,-4,0,0,0
51,1,64,-8,0,0,0
52,1,-46,13,0,0,0
53,1,-54,9,0,0,0
63,1,-46,15,0,0,0
64,1,-39,18,0,0,0
65,1,-41,19,0,0,0
66,1,-42,17,0,0,0
67,1,-41,17,0,0,0
68,1,-48,13,0,0,0
69,1,-77,3,0,1,0
70,1,-67,5,0,0,0
71,1,-48,12,0,0,0
72,1,87,-1,0,0,0
73,1,82,-1,0,0,0
74,1,68,-5,0,0,0
75,1,74,-3,0,2,0
76,1,68,-5,0,2,0
77,1,85,-2,0,0,0
78,1,61,-10,0,0,0
79,1,55,-10,0,0,0
80,1,52,-12,0,0,0
81,1,54,-11,0,0,0
82,1,58,-8,0,0,0
83,1,65,-7,0,0,0
84,1,71,-8,0,0,0
85,1,83,-3,0,0,0
86,1,68,-8,0,0,0
87,1,60,-9,0,0,0
102,1,59,-10,4,0,0
103,1,67,-9,0,0,0
104,1,51,-12,0,0,0
105,1,46,-15,0,0,0
106,1,42,-16,0,0,0
107,1,76,-7,0,0,0
108,1,52,-13,0,0,0
109,1,65,-11,0,0,0
110,1,46,-15,0,0,0
111,1,21,-24,0,0,0
112,1,-56,9,0,0,0
113,1,76,-6,0,0,0
114,1,-61,4,0,0,0
115,1,83,-4,0,0,0
116,1,-88,-4,0,0,0
117,1,-47,10,0,0,0
118,1,-37,17,0,0,0
119,1,-41,15,0,0,0
120,1,-42,15,0,0,0
121,1,-42,14,0,0,0
122,1,-34,19,1,0,0
123,1,-31,21,0,0,0
124,1,-34,22,3,0,0
125,1,-28,27,3,0,45.38568854
126,1,-25,30,3,1,0
127,1,-24,31,2,0,0
128,1,-24,29,0,0,0
129,1,-27,28,3,0,0
130,1,-25,29,0,0,0
131,1,-23,30,0,0,0
132,1,-24,29,0,0,0
133,1,-25,29,0,0,0
134,1,-31,25,0,0,0
135,1,-34,22,0,0,0
136,1,-35,21,0,0,0
137,1,-36,20,0,0,0
138,1,-38,17,0,0,0
139,1,-33,21,0,0,0
140,1,-32,21,0,0,0
141,1,-36,18,0,0,0
142,1,-37,19,0,0,0
143,1,-31,21,0,0,0
144,1,-34,18,0,0,0
145,1,-45,12,0,0,0
146,1,58,-10,0,0,0
147,1,73,-6,0,0,0
148,1,85,-3,0,0,0
149,1,86,-4,0,0,0
150,1,84,-4,0,0,0
151,1,89,-4,0,0,0
152,1,-85,-2,0,2,0
153,1,-81,-1,0,3,0
154,1,-85,-1,0,3,0
155,1,-83,-1,0,0,0
156,1,-81,0,0,1,0
157,1,-87,-3,0,3,0
158,1,-86,-2,0,0,0
159,1,-86,-2,0,0,0
160,1,-88,-2,0,0,0
161,1,-88,-2,0,0,0
162,1,-76,1,0,0,0
163,1,-79,0,0,0,0
164,1,-78,1,0,0,0
165,1,-78,1,0,0,0
166,1,-77,1,0,0,0
167,1,86,-3,0,0,0
168,1,68,-6,0,0,0
169,1,68,-7,0,0,0
170,1,65,-7,1,0,0
171,1,82,-2,0,0,0
172,1,88,0,0,0,0
173,1,86,-1,0,0,0
174,1,82,-2,0,0,0
175,1,66,-8,0,0,0
176,1,65,-7,0,0,0
177,1,53,-9,0,3,0
178,1,56,-9,0,0,0
179,1,58,-8,0,0,0
180,1,56,-9,0,0,0
181,1,56,-9,0,0,0
182,1,62,-9,0,0,0
183,1,66,-7,0,0,0
184,1,58,-9,0,0,0
185,1,56,-10,0,0,0
186,1,69,-7,0,0,0
187,1,61,-8,0,0,0
188,1,48,-13,0,0,0
189,1,50,-11,0,0,0
190,1,51,-11,0,0,0
191,1,54,-11,0,0,0
192,1,48,-13,0,0,0
193,1,51,-10,0,0,0
194,1,51,-11,0,0,0
195,1,47,-12,0,0,0
196,1,46,-12,0,0,0
197,1,47,-12,0,0,0
198,1,47,-12,0,0,0
199,1,47,-12,0,0,0
200,1,53,-10,0,0,0
201,1,49,-12,0,0,0
202,1,49,-11,0,0,0
203,1,49,-12,0,0,0
204,1,52,-11,0,0,0
205,1,50,-12,0,0,0
206,1,46,-12,0,0,0
207,1,45,-13,0,0,0
208,1,47,-12,0,0,0
209,1,50,-12,0,0,0
210,1,51,-11,0,0,0
211,1,52,-12,0,0,0
212,1,45,-14,0,0,0
213,1,41,-14,0,0,0
214,1,47,-12,0,0,0
215,1,53,-9,0,0,0
216,1,54,-10,0,0,0
217,1,53,-10,0,0,0
218,1,53,-10,0,0,0
219,1,55,-9,0,0,0
220,1,55,-9,0,0,0
221,1,56,-9,0,0,0
222,1,58,-9,0,3,0
223,1,58,-8,1,0,0
224,1,56,-8,0,0,0
225,1,62,-8,0,0,0
226,1,67,-5,0,0,0
227,1,64,-8,0,0,0
228,1,62,-8,1,0,0
229,1,56,-8,0,0,0
230,1,64,-7,0,0,0
231,1,50,-12,0,0,0
232,1,46,-13,0,0,0
233,1,66,-8,0,0,0
234,1,79,-5,0,0,0
235,1,82,-3,0,0,0
236,1,75,-5,0,0,0
237,1,79,-4,0,0,0
238,1,-89,-3,0,0,0
239,1,81,-4,0,0,0
240,1,81,-4,0,0,0
241,1,-89,-2,0,0,0
242,1,80,-4,0,0,0
243,1,85,-3,0,0,0
244,1,83,-3,0,0,0
245,1,90,-2,0,0,0
246,1,86,-1,0,0,0
247,1,-47,11,0,0,0
248,1,-73,3,0,0,0
249,1,-49,10,0,0,0
250,1,-80,1,0,0,0
251,1,86,-2,0,0,0
252,1,51,-11,0,0,0
253,1,60,-10,0,0,0
254,1,43,-15,0,0,0
255,1,62,-7,0,0,0
256,1,65,-7,0,0,0
257,1,71,-7,0,0,0
258,1,67,-6,1,0,0
259,1,-89,1,0,0,0
260,1,-89,0,0,0,0
261,1,80,-2,0,0,0
262,1,68,-6,0,0,0
263,1,75,-4,0,0,0
264,1,73,-6,0,0,0
265,1,78,-4,0,0,0
266,1,88,-3,0,0,0
267,1,76,-5,0,0,0
268,1,72,-7,0,0,0
269,1,53,-12,0,0,0
270,1,78,-3,0,0,0
271,1,75,-6,0,0,45.30623853
272,1,63,-6,1,0,47.36471772
273,1,67,-6,0,0,46.80643976
274,1,68,-6,0,1,47.65275419
275,1,67,-6,0,2,47.13945687
276,1,64,-7,0,0,52.43211389
277,1,62,-6,0,0,49.41543341
278,1,60,-7,0,0,45.89506984
279,1,77,-3,0,0,0
280,1,61,-7,0,0,0
281,1,68,-6,0,0,0
282,1,73,-5,0,0,0
283,1,75,-5,0,0,0
284,1,87,-3,0,0,0
285,1,-87,-2,0,0,0
286,1,89,-3,0,2,0
287,1,89,-4,0,0,0
288,1,78,-6,0,0,0
289,1,71,-5,0,0,0
290,1,79,-3,0,0,0
291,1,70,-6,0,0,0
292,1,76,-5,0,0,0
293,1,81,-2,5,0,0
294,1,87,0,0,0,0
295,1,74,-5,0,0,0
296,1,72,-5,0,1,0
297,1,74,-5,0,0,0
298,1,83,-2,0,0,0
299,1,-82,3,0,1,0
300,1,-86,0,0,0,0
301,1,89,-2,0,0,0
302,1,-85,-1,0,0,0
303,1,77,-6,0,0,0
304,1,-84,-2,0,0,0
305,1,88,-2,0,0,0
306,1,85,-5,0,0,0
307,1,-59,4,0,0,0
313,1,87,-1,0,0,0
314,1,-37,17,0,0,0
315,1,-88,-1,0,0,0
316,1,61,-10,0,0,0
317,1,60,-9,0,0,0
318,1,66,-7,0,0,0
319,1,65,-8,0,0,0
320,1,61,-8,0,0,0
321,1,73,-4,0,0,0
322,1,66,-7,0,0,0
323,1,61,-9,1,0,0
324,1,67,-6,0,0,0
325,1,61,-8,0,0,0
326,1,61,-8,0,0,0
327,1,44,-14,0,0,0
328,1,26,-22,2,2,0
329,1,20,-28,5,3,0
330,1,22,-29,0,3,0
331,1,18,-29,0,3,0
332,1,29,-21,0,2,0
333,1,40,-17,0,3,0
334,1,55,-10,0,1,0
335,1,63,-6,0,0,0
336,1,62,-8,0,0,0
337,1,73,-5,0,1,0
338,1,76,-6,0,0,0
339,1,73,-8,0,0,0
340,1,47,-15,0,0,0
341,1,55,-13,0,0,0
342,1,59,-12,0,0,0
343,1,62,-10,0,0,0
344,1,59,-11,0,0,0
345,1,71,-8,0,0,0
346,1,74,-8,0,0,0
347,1,76,-7,0,1,0
348,1,88,-4,0,0,0
349,1,-46,10,0,1,0
350,1,-89,-4,0,0,0
351,1,88,-4,0,0,0
352,1,44,-16,0,0,0
354,1,53,-12,0,0,0
355,1,58,-10,0,0,0
356,1,53,-12,0,0,0
357,1,-85,-2,0,0,0
358,1,-89,-3,0,0,0
361,1,58,-8,0,0,0
362,1,-87,0,0,0,0
363,1,65,-7,0,0,0
364,1,52,-11,0,0,0
365,1,79,-3,0,0,0
366,1,56,-11,0,0,0
368,1,50,-14,0,0,0
369,1,50,-13,0,3,0
382,1,39,-18,0,0,0
383,1,37,-17,0,0,0
384,1,25,-18,4,2,0
385,1,41,-13,0,2,0
386,1,43,-15,0,0,0
387,1,31,-17,0,1,0
388,1,20,-24,1,3,0
389,1,26,-24,0,1,0
390,1,24,-21,4,3,0
391,1,20,-23,3,3,0
392,1,25,-19,3,3,0
393,1,32,-17,0,2,0
394,1,35,-16,0,2,0
395,1,31,-18,4,3,0
396,1,30,-17,3,3,0
397,1,27,-18,4,3,0
398,1,30,-17,4,3,0
399,1,32,-18,1,1,0
400,1,34,-16,0,3,0
401,1,37,-16,4,2,0
402,1,25,-22,5,3,0
414,1,-87,-2,0,0,0
415,1,-31,19,0,0,0
416,1,-64,4,0,0,0
417,1,-86,0,0,0,0
450,1,34,-17,0,0,0
451,1,37,-17,0,0,0
452,1,49,-13,0,0,0
453,1,51,-13,0,0,0
454,1,44,-14,0,0,0
455,1,44,-15,0,2,0
456,1,41,-16,0,1,0
457,1,39,-18,0,3,0
458,1,44,-14,0,0,0
459,1,34,-20,4,3,0
460,1,27,-25,0,3,0
461,1,23,-28,1,1,0
462,1,21,-30,3,3,0
463,1,21,-29,0,1,0
464,1,25,-28,0,0,0
465,1,36,-19,4,3,0
466,1,46,-13,0,3,0
467,1,44,-15,0,0,0
468,1,45,-14,0,0,0
469,1,-41,10,0,0,0
470,1,-39,7,0,0,0
471,1,-28,22,0,0,0
472,1,-28,23,0,0,0
473,1,-33,21,0,0,0
474,1,-31,23,0,0,0
475,1,-32,22,0,0,0
476,1,-34,21,0,0,0
477,1,-34,20,0,0,0
478,1,-34,21,0,1,0
479,1,-35,20,0,1,0
480,1,-31,23,0,2,0
481,1,-17,24,0,0,0
482,1,-67,3,0,0,0
483,1,-41,20,0,0,0
484,1,-30,19,0,2,0
485,1,28,-24,0,0,0
486,1,39,-20,0,0,0
487,1,46,-17,0,0,0
488,1,39,-18,0,0,0
489,1,28,-25,5,3,0
490,1,23,-28,1,3,0
491,1,25,-28,5,3,0
492,1,30,-24,4,3,0
493,1,36,-21,4,3,0
494,1,30,-25,2,3,0
495,1,31,-24,0,1,0
496,1,36,-22,4,3,0
497,1,39,-21,3,3,0
498,1,25,-30,1,3,0
499,1,30,-27,1,3,0
500,1,27,-28,2,3,0
501,1,28,-27,0,1,0
502,1,26,-29,4,3,0
503,1,27,-29,4,3,0
504,1,27,-28,5,3,0
505,1,26,-32,3,3,0
506,1,23,-30,3,3,0
507,1,30,-25,4,3,0
508,1,24,-29,3,3,0
509,1,25,-27,0,2,0
510,1,30,-25,0,3,0
511,1,28,-27,3,3,0
512,1,28,-23,2,3,0
513,1,66,-8,0,0,0
514,1,75,-4,0,0,0
515,1,-86,-3,0,0,0
516,1,88,-2,0,0,0
517,1,60,-9,0,0,0
518,1,67,-8,0,0,0
519,1,89,-2,0,0,0
520,1,-83,-1,0,0,0
521,1,79,-6,0,0,0
522,1,70,-7,0,3,0
523,1,46,-14,0,0,0
524,1,59,-11,0,0,0
525,1,27,-23,0,0,0
526,1,20,-27,0,0,0
527,1,26,-24,0,0,0
528,1,27,-22,0,0,0
529,1,30,-22,0,0,0
530,1,27,-23,0,0,0
531,1,31,-22,0,0,0
532,1,44,-14,0,0,0
533,1,29,-23,0,0,0
534,1,32,-20,0,0,0
535,1,44,-14,0,0,0
536,1,52,-12,0,0,0
537,1,62,-9,0,0,0
538,1,62,-9,0,0,0
539,1,61,-10,0,0,0
540,1,57,-11,0,0,0
541,1,48,-14,0,0,0
542,1,45,-15,0,0,0
543,1,61,-11,0,0,0
544,1,52,-14,0,0,0
545,1,47,-16,0,0,0
546,1,50,-14,0,0,0
547,1,45,-16,0,0,0
548,1,46,-16,0,0,0
549,1,50,-14,0,0,0
550,1,58,-12,0,0,0
551,1,59,-12,0,0,0
552,1,49,-15,0,0,0
553,1,65,-7,0,0,0
554,1,67,-8,0,0,0
555,1,68,-5,0,0,0
556,1,56,-10,0,0,0
557,1,58,-10,0,0,0
558,1,43,-15,0,0,0
559,1,55,-11,0,0,0
560,1,53,-12,0,0,0
561,1,74,-5,0,0,0
562,1,69,-7,0,0,0
563,1,64,-8,0,0,0
564,1,58,-11,0,0,0
565,1,53,-14,0,0,0
566,1,50,-14,0,0,0
567,1,43,-18,0,0,0
568,1,41,-18,0,0,0
569,1,34,-21,0,0,0
570,1,31,-25,0,0,0
571,1,29,-25,0,0,0
572,1,39,-20,0,0,0
573,1,43,-16,0,0,0
574,1,35,-19,0,0,0
575,1,33,-19,0,0,0
576,1,27,-23,0,0,0
577,1,24,-24,0,0,0
578,1,24,-24,0,0,0
579,1,24,-22,0,0,0
580,1,20,-26,0,0,0
581,1,26,-21,0,0,0
582,1,27,-23,0,0,0
583,1,-17,28,0,0,0
584,1,-26,25,0,0,0
585,1,-40,17,0,0,0
586,1,-20,28,0,0,0
587,1,55,-9,0,0,0
588,1,29,-20,0,0,0
589,1,65,-5,0,0,0
590,1,-52,8,0,0,0
591,1,-14,30,0,0,0
592,1,19,-24,0,0,0
593,1,-38,13,0,0,0
594,1,-23,25,0,0,0
595,1,21,-23,0,0,0
596,1,25,-20,0,0,0
597,1,-51,7,0,0,0
598,1,-84,0,0,0,0
599,1,48,-12,0,0,0
600,1,-77,3,0,0,0
601,1,51,-11,0,0,0
602,1,42,-15,0,0,0
603,1,47,-13,0,0,0
604,1,46,-13,0,0,0
605,1,44,-14,0,0,0
606,1,53,-11,0,0,0
607,1,51,-12,0,0,0
608,1,50,-12,0,0,0
609,1,54,-11,0,0,0
610,1,53,-11,0,0,0
611,1,50,-12,0,0,0
612,1,61,-8,0,0,0
613,1,65,-6,0,0,0
614,1,78,-3,0,0,0
615,1,65,-7,0,0,0
616,1,46,-13,0,0,0
617,1,52,-11,0,0,0
618,1,70,-6,0,0,0
619,1,87,-2,0,0,0
620,1,89,-1,0,0,0
621,1,77,-4,0,0,0
622,1,59,-12,0,0,0
623,1,57,-12,0,0,0
624,1,55,-13,0,0,0
625,1,63,-9,0,0,0
626,1,57,-11,0,0,0
627,1,69,-7,0,0,0
628,1,-53,10,0,0,0
629,1,-28,23,0,0,0
630,1,-32,23,0,0,0
631,1,-32,23,0,0,0
632,1,-32,24,0,0,0
633,1,-30,26,0,0,0
634,1,-31,25,0,0,0
635,1,-32,24,0,0,0
636,1,-32,22,0,0,0
637,1,-33,21,0,0,0
638,1,-34,20,0,0,0
639,1,-37,18,0,0,0
640,1,-38,17,0,0,0
641,1,32,-20,0,0,0
642,1,39,-18,0,0,0
643,1,37,-18,0,0,0
644,1,26,-25,0,0,0
645,1,25,-26,1,1,0
646,1,19,-32,0,0,0
647,1,19,-34,0,0,0
648,1,16,-36,0,2,0
649,1,21,-34,0,0,0
650,1,15,-40,0,3,0
651,1,27,-32,0,0,0
652,1,18,-35,0,0,0
653,1,36,-20,1,0,0
654,1,40,-19,0,0,0
655,1,44,-16,0,0,0
656,1,39,-18,0,0,0
657,1,44,-16,0,0,0
658,1,36,-19,0,0,0
659,1,32,-21,0,0,0
660,1,28,-22,0,0,0
661,1,30,-22,0,0,0
662,1,30,-22,0,0,0
663,1,39,-18,0,0,0
664,1,35,-20,0,0,0
665,1,39,-18,0,0,0
666,1,36,-19,0,0,0
667,1,41,-16,0,0,46.76827192
668,1,37,-18,0,0,53.58539224
669,1,34,-19,0,0,46.22465372
670,1,39,-17,0,0,54.06087637
671,1,38,-17,0,0,45.07265985
672,1,49,-14,0,0,48.05651009
673,1,50,-13,0,0,45.45507729
674,1,46,-14,0,0,45.23263276
675,1,47,-15,0,0,51.57109499
676,1,45,-15,0,0,49.04356897
677,1,45,-15,0,0,0
678,1,35,-18,0,0,0
679,1,41,-15,0,0,0
680,1,37,-17,0,0,0
681,1,41,-16,0,0,0
682,1,43,-16,0,0,0
683,1,56,-12,0,1,0
684,1,70,-7,0,0,0
685,1,71,-6,0,0,0
686,1,82,-3,0,0,0
687,1,71,-7,0,0,0
688,1,75,-5,0,0,0
689,1,76,-5,0,0,0
690,1,78,-4,0,0,0
691,1,77,-5,0,0,0
692,1,83,-4,0,0,0
693,1,82,-3,0,0,0
694,1,83,-4,0,0,0
695,1,62,-11,0,0,0
696,1,58,-12,0,0,0
697,1,63,-10,0,0,0
698,1,61,-10,0,0,0
699,1,59,-11,0,0,0
700,1,58,-11,0,0,0
701,1,60,-10,0,0,0
702,1,62,-10,0,0,0
703,1,60,-10,0,0,0
704,1,55,-11,0,0,0
705,1,53,-7,0,0,0
706,1,-88,1,0,0,0
707,1,59,-6,0,0,0
708,1,86,2,0,0,0
709,1,-66,7,0,0,0
710,1,-76,4,0,0,0
711,1,-45,15,0,0,0
712,1,-55,11,0,0,0
713,1,-52,12,0,0,0
714,1,-35,20,0,0,0
715,1,-41,16,0,0,0
716,1,-43,16,0,0,0
717,1,-43,16,0,0,0
718,1,-17,30,0,0,0
719,1,23,-23,0,0,0
720,1,31,-21,0,0,0
721,1,36,-18,0,0,0
722,1,34,-19,0,0,0
723,1,36,-19,0,0,0
724,1,27,-24,3,3,0
725,1,31,-20,0,0,0
726,1,32,-19,0,0,0
727,1,34,-19,0,0,0
728,1,28,-22,0,0,0
729,1,25,-23,0,0,0
730,1,33,-21,0,0,0
731,1,22,-24,0,0,0
732,1,17,-27,0,0,0
733,1,-24,22,0,0,0
734,1,13,-28,0,0,0
735,1,-22,24,0,0,0
736,1,-22,23,0,0,0
737,1,-26,22,0,0,0
738,1,-48,11,0,0,0
739,1,-27,22,0,0,0
740,1,-24,23,0,0,0
741,1,41,-16,0,0,0
742,1,32,-19,1,2,0
743,1,38,-16,0,0,0
744,1,33,-16,4,3,0
745,1,30,-19,0,0,0
746,1,32,-18,0,0,0
747,1,20,-21,0,0,0
748,1,25,-22,0,0,0
749,1,24,-22,0,0,0
750,1,24,-23,0,0,0
751,1,22,-25,5,3,0
752,1,23,-25,5,3,0
753,1,20,-27,5,3,0
754,1,23,-25,4,3,0
755,1,25,-21,0,0,0
756,1,27,-19,0,0,0
757,1,25,-21,0,0,0
758,1,32,-20,2,1,0
759,1,41,-15,0,0,0
760,1,45,-14,4,3,0
761,1,43,-15,0,0,0
762,1,45,-12,0,0,0
763,2,0,0,0,0,0
764,2,0,0,0,0,0
765,1,40,-16,2,1,0
766,1,41,-16,4,3,0
767,1,42,-15,1,1,0
768,1,40,-16,4,3,0
769,1,39,-16,5,3,0
770,1,33,-19,5,3,0
771,1,35,-16,5,3,0
772,1,36,-15,5,3,0
773,1,37,-16,5,3,0
774,1,34,-17,5,3,0
775,1,34,-19,5,3,0
776,1,35,-19,3,3,0
777,1,33,-22,2,3,0
778,1,37,-18,5,3,0
779,1,38,-17,4,3,0
780,1,38,-17,5,3,0
781,1,38,-18,4,3,0
782,1,35,-20,0,3,0
783,1,34,-20,2,3,0
784,1,40,-16,0,1,0
785,1,31,-22,0,3,0
786,1,40,-13,0,3,0
787,1,47,-11,0,0,0
788,1,59,-6,0,0,0
789,1,-58,10,0,0,0
790,1,-36,21,0,0,0
791,1,-34,24,0,0,48.21378291
792,1,-34,24,0,0,0
793,1,-30,28,0,0,0
794,1,-28,29,0,0,45.18218637
795,1,-30,27,0,0,45.32013237
796,1,-29,28,0,0,54.28354144
797,1,-30,27,0,0,51.25744939
798,1,-30,27,0,0,50.52196383
799,1,-27,31,0,0,49.60302114
800,1,-29,29,0,0,46.92742825
801,1,-28,31,0,0,0
802,1,-26,32,0,0,0
803,1,-26,32,0,0,0
804,1,-31,27,0,0,0
805,1,-30,26,0,0,0
806,1,20,-28,0,0,0
807,1,74,-8,0,0,0
808,1,39,-18,0,0,0
809,1,41,-18,0,0,0
810,1,33,-20,0,1,0
811,1,32,-22,0,0,0
812,1,29,-25,0,2,0
813,1,25,-29,1,3,0
814,1,27,-27,3,3,0
815,1,27,-28,0,2,0
816,1,23,-30,0,3,0
817,1,18,-31,0,3,0
818,1,25,-28,0,3,0
819,1,28,-26,0,3,0
820,1,24,-33,0,2,0
821,1,28,-30,1,1,0
822,1,30,-26,0,2,0
823,1,28,-28,0,0,0
824,1,28,-29,1,3,0
825,1,28,-28,2,3,0
826,1,29,-29,0,3,0
827,1,29,-30,1,3,0
828,1,29,-29,0,0,0
829,1,27,-30,1,3,0
830,1,26,-30,1,1,0
831,1,30,-28,1,3,0
832,1,27,-29,0,0,0
833,1,29,-22,3,3,0
834,2,0,0,0,0,0
835,1,33,-22,0,0,0
836,1,35,-19,0,2,0
837,1,33,-21,0,0,0
838,1,28,-28,0,0,0
839,1,30,-26,0,3,0
840,1,32,-24,0,3,0
841,1,33,-23,0,0,0
842,1,30,-27,0,0,0
843,1,31,-28,0,1,0
844,1,32,-26,0,3,0
845,1,30,-27,0,3,0
846,1,30,-27,0,2,0
847,1,28,-29,0,0,0
848,1,28,-28,0,1,0
849,1,31,-26,0,0,0
850,1,27,-29,0,3,0
851,1,28,-29,0,1,0
852,1,31,-27,0,1,0
853,1,35,-22,0,0,0
854,1,30,-27,0,1,0
855,1,31,-24,0,2,0
856,1,38,-18,0,0,0
857,1,37,-19,0,0,0
858,1,40,-17,0,0,0
859,1,38,-17,0,0,0
860,1,-43,5,0,0,0
861,1,-27,23,0,0,0
862,1,-26,25,0,0,0
863,1,-24,25,0,0,0
864,1,-33,20,0,0,0
865,1,-29,23,0,0,0
866,1,-30,22,0,0,0
867,1,37,-17,0,0,0
868,1,69,-5,0,0,0
869,1,-36,19,0,0,0
870,1,39,-16,0,0,0
871,1,51,-11,0,0,0
872,1,58,-9,0,0,0
873,1,83,-2,0,0,0
874,1,-36,19,0,0,0
875,1,-40,17,0,1,0
876,1,-38,19,0,0,0
877,1,-32,21,0,0,0
878,1,-40,18,0,0,0
879,1,68,-6,0,0,0
880,1,-39,16,0,0,0
881,1,-38,19,0,0,0
882,1,-36,19,0,0,0
883,1,53,-11,0,0,0
884,1,-46,13,0,0,0
885,1,-42,15,0,0,0
886,1,-55,9,0,0,0
887,1,-41,17,0,0,0
888,1,-45,15,0,0,0
889,1,-39,19,0,0,0
890,1,-38,19,0,0,0
891,1,71,-6,0,0,0
892,1,74,-6,0,0,0
893,1,89,-2,0,0,0
894,1,73,-6,0,0,0
895,1,81,-5,0,0,0
896,1,66,-8,0,0,0
897,1,70,-8,0,0,0
898,1,67,-9,0,0,0
899,1,71,-7,0,0,0
900,1,69,-8,0,0,0
901,1,70,-8,0,0,0
902,1,63,-11,0,0,0
903,1,64,-10,0,0,0
904,1,62,-11,0,0,0
905,1,62,-11,0,0,0
906,1,62,-11,0,0,0
907,1,62,-10,0,0,0
908,1,59,-11,0,0,0
909,1,63,-11,0,0,0
910,1,72,-6,0,0,0
911,1,69,-7,0,0,0
912,1,80,-5,0,0,0
913,1,74,-6,0,0,0
914,1,76,-5,0,0,0
915,1,80,-4,0,0,0
916,1,79,-4,0,0,0
917,1,77,-5,0,0,0
918,1,71,-6,0,0,0
919,1,74,-6,0,0,0
920,1,79,-4,0,0,0
921,1,71,-5,0,0,0
922,1,74,-5,0,0,0
923,1,75,-5,0,0,0
924,1,76,-5,0,0,0
925,1,62,-11,0,0,0
926,1,58,-12,0,0,0
927,1,60,-10,0,0,0
928,1,65,-9,0,0,0
929,1,59,-12,0,0,0
930,1,67,-9,0,0,0
931,1,65,-9,0,0,0
932,1,69,-7,0,0,0
933,1,68,-8,0,0,0
934,1,66,-9,0,0,0
935,1,66,-8,0,0,0
936,1,69,-8,0,0,0
937,1,60,-12,0,0,0
938,1,60,-11,0,0,0
939,1,58,-11,0,0,0
940,1,54,-13,0,0,0
941,1,63,-10,0,0,0
942,1,61,-10,0,1,0
943,1,58,-11,0,0,0
944,1,-54,5,0,0,0
945,1,-70,2,0,0,0
946,1,79,-5,0,0,0
947,1,76,-6,0,0,0
948,1,87,-2,0,0,0
949,1,-89,-1,0,0,0
950,1,-35,17,0,0,0
951,1,87,-2,0,0,0
952,1,-89,-3,0,0,0
953,1,65,-10,0,0,0
954,1,63,-10,0,0,0
955,1,54,-12,0,0,0
956,1,70,-8,0,0,0
957,1,65,-9,0,0,0
958,1,65,-8,0,0,0
959,1,64,-9,0,0,0
960,1,57,-11,0,0,0
961,1,59,-11,0,0,0
962,1,60,-10,0,0,0
963,1,58,-11,0,0,0
964,1,55,-13,0,0,0
965,1,48,-13,0,0,0
966,1,59,-10,0,0,0
967,1,89,-2,0,0,0
968,1,78,-4,0,0,0
969,1,57,-9,0,0,0
970,1,54,-10,0,0,0
971,1,-81,0,0,0,0
972,1,-69,4,0,0,0
973,1,77,-5,0,0,0
974,1,73,-6,0,0,0
975,1,71,-6,0,0,0
976,1,68,-7,0,0,0
977,1,69,-7,0,0,0
978,1,69,-7,0,0,0
979,1,73,-6,0,0,0
980,1,72,-7,0,0,0
981,1,66,-8,0,0,0
982,1,75,-6,0,0,0
983,1,74,-5,0,0,0
984,1,66,-7,0,0,0
985,1,64,-8,0,0,0
986,1,63,-10,0,0,0
987,1,55,-12,0,0,0
988,1,60,-9,0,0,0
989,1,51,-12,0,0,0
990,1,54,-12,0,0,0
991,1,60,-9,0,0,0
992,1,64,-8,0,0,0
993,1,61,-8,0,0,0
994,1,63,-7,0,0,0
995,1,61,-7,0,0,0
996,1,66,-6,0,0,0
997,1,59,-8,0,0,0
998,1,64,-7,0,0,0
999,1,65,-7,0,0,0
1000,1,63,-8,0,0,0
1001,1,64,-8,0,0,0
1002,1,66,-7,0,0,0
1003,1,65,-8,0,0,0
1004,1,65,-7,0,0,0
1005,1,67,-7,0,0,0
1006,1,66,-7,0,0,0
1007,1,65,-7,0,0,0
1008,1,66,-7,0,0,0
1009,1,69,-6,0,0,0
1010,1,65,-7,0,0,0
1011,1,65,-7,0,0,0
1012,1,67,-6,0,0,0
1013,1,65,-7,0,0,0
1014,1,64,-7,0,0,0
1015,1,66,-7,0,0,0
1016,1,64,-7,0,0,0
1017,1,64,-7,0,0,0
1018,1,66,-6,0,0,0
1019,1,65,-7,0,0,0
1020,1,59,-8,0,0,0
1021,1,49,-14,0,0,0
1022,1,51,-12,0,0,0
1023,1,46,-15,0,0,0
1024,1,54,-12,0,0,0
1025,1,63,-9,0,0,0
1026,1,64,-9,0,0,0
1027,1,73,-8,0,0,0
1028,1,66,-10,0,0,0
1029,1,56,-13,0,0,0
1030,1,63,-11,0,0,0
1031,1,51,-14,0,3,0
1032,1,30,-22,0,0,0
1033,1,34,-20,0,0,0
1034,1,31,-22,0,0,0
1035,1,36,-21,0,0,0
1036,1,42,-18,0,0,0
1037,1,40,-18,2,3,0
1038,1,34,-21,0,0,0
1039,1,31,-23,0,3,0
1040,1,36,-20,0,3,0
1041,1,25,-28,0,0,0
1042,1,30,-24,0,1,0
1043,1,28,-26,3,3,0
1044,1,29,-25,0,0,0
1045,1,28,-25,0,0,0
1046,1,31,-24,2,3,0
1047,1,28,-27,0,1,0
1048,1,30,-25,0,0,0
1049,1,28,-28,0,0,0
1050,1,27,-27,0,0,0
1051,1,26,-26,0,0,0
1052,1,24,-27,0,0,0
1053,1,26,-26,0,0,0
1054,1,32,-23,0,0,0
1055,1,26,-26,0,3,0
1056,1,38,-21,0,0,0
1057,1,26,-26,0,0,0
1058,1,26,-25,0,0,0
1059,1,27,-24,0,0,0
1060,1,25,-27,0,0,0
1061,1,28,-25,0,3,0
1062,1,39,-17,0,0,0
1063,1,50,-16,0,0,0
1064,1,44,-20,0,0,0
1065,1,59,-13,0,0,0
1066,1,74,-9,0,0,0
1067,1,82,-5,0,3,0
1068,1,-69,2,0,0,0
1069,1,-50,8,0,0,0
1070,1,-33,21,0,0,0
1071,1,-33,23,0,0,0
1072,1,-35,22,0,0,0
1073,1,-39,20,0,0,0
1074,1,-39,20,0,0,0
1075,1,-38,20,0,0,0
1076,1,-38,21,0,0,0
1077,1,-39,20,0,0,0
1078,1,-36,23,0,0,0
1079,1,-39,21,0,0,0
1080,1,-38,21,0,0,45.00646293
1081,1,-30,25,0,0,0
1082,1,-31,21,0,0,0
1083,1,17,-31,0,0,0
1084,1,30,-25,0,0,0
1085,1,40,-21,0,0,0
1086,1,43,-20,0,3,0
1087,1,51,-16,0,0,0
1088,1,24,-30,0,0,0
1089,1,28,-27,0,0,0
1090,1,36,-25,0,0,0
1091,1,22,-34,0,1,0
1092,1,20,-36,0,0,0
1093,1,19,-38,0,3,0
1094,1,22,-35,0,0,0
1095,1,18,-39,0,3,0
1096,1,37,-26,0,0,0
1097,1,31,-29,0,0,0
1098,1,27,-32,0,0,0
1099,1,30,-29,0,0,0
1100,1,28,-31,0,0,0
1101,1,37,-25,0,0,0
1102,1,52,-14,0,0,0
1103,1,53,-13,0,0,0
1104,1,62,-10,0,0,0
1105,1,70,-6,0,0,0
1106,1,66,-9,0,1,0
1107,1,67,-8,0,0,0
1108,1,68,-8,0,0,0
1109,1,71,-6,0,0,0
1110,1,67,-8,0,1,0
1111,1,70,-7,0,1,0
1112,1,69,-7,0,0,0
1113,1,70,-7,0,0,0
1114,1,68,-6,0,0,0
1115,1,54,-12,0,0,0
1116,1,39,-19,0,0,0
1117,1,29,-26,0,0,0
1118,1,34,-24,0,3,0
1119,1,37,-21,0,3,0
1120,1,38,-20,0,0,0
1121,1,37,-22,0,3,0
1122,1,30,-26,0,3,0
1123,1,36,-22,0,3,0
1124,1,39,-20,0,3,0
1125,1,36,-23,0,2,0
1126,1,37,-21,0,3,0
1127,1,37,-21,0,0,0
1128,1,42,-17,0,0,0
1129,1,52,-13,0,0,0
1130,1,-40,10,0,0,0
1131,1,-19,19,0,0,0
1132,1,-44,17,0,0,0
1133,1,-32,20,0,0,0
1134,1,-33,20,0,0,0
1135,1,-39,21,0,0,0
1136,1,-39,21,0,0,0
1137,1,-27,20,0,0,0
1138,1,-38,16,0,0,0
1139,1,-32,20,0,0,0
1140,1,-34,18,0,0,0
1141,1,-34,18,0,0,0
1142,1,7,-32,0,0,0
1143,1,-36,22,0,0,0
1144,1,-45,18,0,0,0
1145,1,-34,20,0,0,0
1146,1,-37,22,0,0,0
1147,1,-40,19,0,0,0
1148,1,18,-20,0,0,0
1149,1,-41,20,0,0,0
1150,1,-43,18,0,0,0
1151,1,-49,16,0,0,0
1152,1,-44,18,0,0,0
1153,1,-34,16,0,0,0
1154,1,17,-31,0,0,0
1155,1,42,-20,0,0,0
1156,1,51,-15,0,2,0
1157,1,50,-14,0,0,0
1158,1,47,-14,0,0,0
1159,1,45,-15,0,0,0
1160,1,52,-13,0,0,0
1161,1,56,-11,0,0,0
1162,1,42,-17,0,0,0
1163,1,40,-17,0,0,0
1164,1,40,-18,0,0,0
1165,1,43,-16,0,0,0
1166,1,42,-17,0,0,0
1167,1,44,-16,0,1,0
1168,1,44,-16,0,0,0
1169,1,43,-16,0,0,0
1170,1,45,-16,0,0,0
1171,1,39,-18,0,0,0
1172,1,43,-17,0,0,0
1173,1,42,-17,0,0,0
1174,1,41,-17,0,0,0
1175,1,41,-16,0,0,0
1176,1,40,-17,0,0,0
1177,1,39,-18,0,3,0
1178,1,39,-18,0,0,0
1179,1,42,-18,0,0,0
1180,1,40,-17,0,0,0
1181,1,37,-19,0,0,0
1182,1,30,-24,0,0,0
1183,1,38,-19,0,3,0
1184,1,46,-14,0,0,0
1185,1,45,-16,0,0,0
1186,1,52,-14,0,0,0
1187,1,48,-16,0,0,0
1188,1,61,-11,0,1,0
1189,1,64,-9,0,2,0
1190,1,-29,19,0,0,0
1191,1,54,-10,0,0,0
1192,1,-27,24,0,0,0
1193,1,-31,24,0,0,0
1194,1,-36,22,0,0,0
1195,1,-36,23,0,0,0
1196,1,-36,23,0,0,0
1197,1,-37,23,0,0,0
1198,1,-37,23,0,0,0
1199,1,-37,23,0,0,0
1200,1,-37,23,0,0,0
1201,1,-36,23,0,0,0
1202,1,-36,23,0,0,0
1203,1,-35,23,0,0,0
1204,1,-35,24,0,0,0
1205,1,-36,19,0,0,0
1206,1,26,-26,0,0,0
1207,1,30,-26,0,0,0
1208,1,39,-21,0,0,0
1209,1,41,-22,0,3,0
1210,1,47,-18,0,0,0
1211,1,44,-18,0,0,0
1212,1,27,-30,0,0,0
1213,1,24,-33,0,0,0
1214,1,24,-33,0,0,0
1215,1,22,-35,1,0,0
1216,1,26,-32,0,0,0
1217,1,23,-34,2,0,0
1218,1,25,-33,2,1,0
1219,1,28,-31,0,0,0
1220,1,28,-31,0,0,0
1221,1,35,-26,0,0,0
1222,1,31,-29,0,0,0
1223,1,30,-29,0,0,0
1224,1,36,-25,0,0,0
1225,1,38,-23,0,0,0
1226,1,39,-23,0,0,0
1227,1,38,-24,0,0,0
1228,1,34,-26,0,0,0
1229,1,36,-25,0,0,0
1230,1,34,-26,0,0,0
1231,1,32,-28,0,0,0
1232,1,34,-25,0,3,0
1233,1,39,-17,0,0,0
1234,1,37,-18,0,0,0
1235,1,33,-21,0,0,0
1236,1,27,-23,0,0,0
1237,1,-57,1,0,0,0
1238,1,-31,18,0,0,0
1239,1,10,-30,0,0,0
1240,1,19,-25,0,0,0
1241,1,-46,14,0,0,0
1242,1,28,-20,0,0,0
1243,1,-29,19,0,0,0
1244,1,24,-20,0,0,0
1245,1,-25,23,0,0,0
1246,1,-38,15,0,0,0
1247,1,-38,15,0,0,0
1248,1,-27,27,0,0,0
1249,1,-32,27,0,0,0
1250,1,-31,27,0,0,0
1251,1,-31,27,0,0,0
1252,1,-30,27,0,0,0
1253,1,-30,27,0,0,0
1254,1,-31,26,0,0,0
1255,1,-31,25,0,0,0
1256,1,-29,27,0,0,0
1257,1,-30,27,0,0,0
1258,1,-32,25,0,0,0
1259,1,-31,25,0,0,0
1260,1,-33,19,0,0,0
1261,1,20,-26,0,0,0
1262,1,16,-30,0,0,0
1263,1,23,-26,0,0,0
1264,1,26,-25,0,0,0
1265,1,26,-24,0,0,0
1266,1,29,-25,0,0,0
1267,1,22,-31,0,0,0
1268,1,20,-33,0,0,0
1269,1,18,-36,0,1,0
1270,1,19,-36,0,2,0
1271,1,21,-35,2,1,0
1272,1,29,-29,0,0,0
1273,1,35,-25,0,0,0
1274,1,35,-25,0,0,0
1275,1,39,-22,0,0,0
1276,1,34,-26,0,0,0
1277,1,37,-24,0,0,0
1278,1,36,-23,0,0,0
1279,1,37,-24,0,0,0
1280,1,40,-21,0,0,0
1281,1,30,-29,0,0,0
1282,1,31,-28,0,0,0
1283,1,33,-26,0,0,0
1284,1,33,-26,0,0,0
1285,1,33,-27,0,0,0
1286,1,35,-25,0,0,0
1287,1,27,-31,0,0,0
1288,1,27,-31,0,0,0
1289,1,34,-27,0,0,0
1290,1,30,-28,0,0,49.26352501
1291,1,33,-26,0,0,45.82141936
1292,1,35,-25,0,0,0
1293,1,34,-24,0,3,0
1294,1,34,-23,0,1,0
1295,1,30,-25,0,2,0
1296,1,31,-23,0,3,0
1297,1,46,-15,0,0,0
1298,1,50,-15,0,0,0
1299,1,59,-12,0,1,0
1300,1,61,-11,0,0,0
1301,1,56,-12,0,3,0
1302,1,59,-12,0,3,0
1303,1,63,-11,0,0,0
1304,1,62,-11,0,3,0
1305,1,68,-9,0,3,0
1306,1,58,-12,0,3,0
1307,1,79,-5,0,0,0
1308,1,76,-6,0,0,0
1309,1,80,-4,0,0,0
1310,1,79,-6,0,0,0
1311,1,84,-4,0,0,0
1312,1,70,-8,0,0,0
1313,1,58,-11,0,0,0
1314,1,58,-12,0,2,0
1315,1,56,-12,0,0,0
1316,1,61,-11,0,0,0
1317,1,60,-11,0,1,0
1318,1,58,-12,0,1,0
1319,1,57,-12,0,0,0
1320,1,51,-14,0,3,0
1321,1,65,-10,0,2,0
1322,1,53,-13,0,3,0
1323,1,71,-7,0,1,0
1324,1,76,-6,0,0,0
1325,1,65,-9,0,2,0
1326,1,78,-5,0,0,0
1327,1,54,-12,0,0,0
1328,1,48,-14,0,0,0
1329,1,40,-18,0,0,0
1330,1,42,-17,0,1,0
1331,1,39,-19,0,3,0
1332,1,39,-18,0,3,0
1333,1,50,-13,0,0,0
1334,1,60,-9,0,0,0
1335,1,62,-11,0,0,0
1336,1,49,-13,0,0,0
1337,1,-45,15,0,0,0
1338,1,-31,25,0,0,0
1339,1,-35,23,0,0,0
1340,1,-32,27,0,0,0
1341,1,-30,28,0,0,0
1342,1,-31,27,0,0,0
1343,1,-30,29,0,0,0
1344,1,-31,29,0,0,0
1345,1,-29,30,0,0,0
1346,1,-31,29,0,0,0
1347,1,-31,26,0,0,0
1348,1,50,-14,0,0,0
1349,1,44,-18,0,0,0
1350,1,38,-20,0,0,0
1351,1,41,-20,0,0,0
1352,1,40,-18,0,0,0
1353,1,41,-19,0,0,0
1354,1,37,-22,0,1,0
1355,1,36,-25,0,3,0
1356,1,37,-23,0,3,0
1357,1,33,-26,0,3,0
1358,1,33,-26,0,3,0
1359,1,36,-25,0,3,0
1360,1,38,-23,0,3,0
1361,1,28,-27,0,0,0
1362,1,34,-24,0,1,0
1363,1,30,-27,0,0,0
1364,1,29,-27,0,0,0
1365,1,31,-25,0,0,0
1366,1,31,-26,0,0,0
1367,1,36,-22,0,0,0
1368,1,33,-23,0,0,0
1369,1,32,-23,0,0,0
1370,1,26,-29,0,0,0
1371,1,32,-22,0,0,0
1372,1,35,-22,0,0,0
1373,1,30,-26,0,0,0
1374,1,38,-21,0,0,0
1375,1,48,-16,0,0,0
1376,1,35,-22,0,0,0
1377,1,39,-20,0,0,0
1378,1,-56,2,0,0,0
1379,1,-25,19,0,0,0
1380,1,22,-26,0,0,0
1381,1,-32,17,0,0,0
1382,1,-36,15,0,0,0
1383,1,-39,17,0,0,0
1384,1,-36,20,0,0,0
1385,1,-28,26,0,0,0
1386,1,-25,27,0,0,0
1387,1,-26,27,0,0,0
1388,1,-27,27,0,0,0
1389,1,-28,27,0,0,0
1390,1,-26,30,0,0,0
1391,1,-28,29,0,0,0
1392,1,-26,29,0,0,0
1393,1,-30,27,0,0,0
1394,1,-30,16,0,0,0
1395,1,36,-22,0,0,0
1396,1,34,-23,0,0,0
1397,1,41,-21,0,3,0
1398,1,42,-20,0,0,0
1399,1,41,-19,0,0,0
1400,1,23,-33,0,3,0
1401,1,26,-31,0,0,0
1402,1,21,-38,0,1,0
1403,1,22,-37,0,0,0
1404,1,25,-34,0,0,0
1405,1,33,-27,0,0,0
1406,1,24,-33,0,0,0
1407,1,20,-37,0,1,0
1408,1,26,-33,0,0,0
1409,1,28,-32,0,0,0
1410,1,32,-29,0,0,0
1411,1,31,-30,0,0,0
1412,1,29,-31,0,3,0
1413,1,30,-30,0,0,0
1414,1,36,-25,0,0,0
1415,1,45,-19,0,0,0
1416,1,37,-21,0,0,0
1417,1,42,-17,0,0,0
1418,1,28,-24,0,0,0
1419,1,35,-21,0,0,0
1420,1,31,-25,0,0,0
1421,1,28,-28,0,0,0
1422,1,27,-28,0,0,0
1423,1,26,-29,0,0,0
1424,1,22,-35,0,3,0
1425,1,26,-30,0,2,0
1426,2,0,0,0,0,0
1427,2,0,0,0,0,0
1428,2,0,0,0,0,0
1429,2,0,0,0,0,0
1430,2,0,0,0,0,0
1431,1,19,-37,0,3,0
1432,2,0,0,0,0,0
1433,1,20,-36,0,3,0
1434,2,0,0,0,0,0
1435,2,0,0,0,0,0
1436,2,0,0,0,0,0
1437,2,0,0,0,0,0
1438,2,0,0,0,0,0
1439,2,0,0,0,0,0
1440,2,0,0,0,0,0
1441,1,18,-38,0,0,0
1442,1,31,-24,0,0,0
1443,1,35,-19,0,0,0
1444,1,27,-24,0,0,0
1445,1,29,-22,0,0,0
1446,1,31,-22,0,0,0
1447,1,30,-22,0,0,0
1448,1,33,-20,0,0,0
1449,1,46,-12,0,0,0
1450,1,20,-27,0,0,0
1451,1,21,-26,0,0,0
1452,1,27,-23,0,0,0
1453,1,-19,24,0,0,0
1454,1,-17,25,0,0,0
1455,1,-22,23,0,0,0
1456,1,-19,24,0,0,0
1457,1,-19,25,0,0,0
1458,1,61,-9,0,0,0
1459,1,72,-7,0,0,0
1460,1,70,-7,0,0,0
1461,1,56,-11,0,0,0
1462,1,58,-11,0,0,0
1463,1,58,-12,0,0,0
1464,1,64,-11,0,0,0
1465,1,60,-11,0,3,0
1466,1,82,-4,0,0,0
1467,1,58,-11,0,0,0
1468,1,-74,4,0,0,0
1469,1,-82,1,0,0,0
1470,1,-78,2,0,0,0
1471,1,-55,10,0,0,0
1472,1,-70,5,0,0,0
1473,1,-87,0,0,0,0
1474,1,-41,16,0,0,0
1475,1,-76,2,0,0,0
1476,1,65,-8,0,0,0
1477,1,50,-13,0,0,0
1478,1,56,-13,0,0,0
1479,1,53,-14,0,0,0
1480,1,46,-15,0,0,0
1481,1,42,-17,0,0,0
1482,1,41,-18,0,0,0
1483,1,44,-16,0,0,0
1484,1,47,-15,0,0,0
1485,1,46,-14,0,0,0
1486,1,34,-19,0,0,0
1487,1,40,-17,0,0,0
1488,1,39,-17,0,0,0
1489,1,38,-17,0,0,0
1490,1,38,-17,0,0,0
1491,1,41,-17,0,0,0
1492,1,43,-18,0,0,0
1493,1,47,-17,0,0,0
1494,1,45,-17,0,0,0
1495,1,50,-14,0,0,0
1496,1,61,-11,0,0,0
1497,1,42,-16,0,0,0
1498,1,-86,0,0,0,0
1499,1,24,-23,0,0,0
1500,1,-25,22,0,0,0
1501,1,-27,21,0,0,0
1502,1,-26,22,0,0,0
1503,1,-27,21,0,0,0
1504,1,29,-22,0,0,0
1505,1,42,-16,0,0,0
1506,1,50,-14,0,0,0
1507,1,47,-16,0,0,0
1508,1,54,-15,0,0,0
1509,1,50,-14,0,0,0
1510,1,51,-9,0,0,0
1511,1,-20,31,0,0,0
1512,1,-26,27,0,0,0
1513,1,-30,25,0,0,0
1514,1,-27,29,0,0,0
1515,1,-29,27,0,0,0
1516,1,-30,26,0,0,0
1517,1,-33,25,0,0,0
1518,1,-34,24,0,0,0
1519,1,-33,25,0,0,0
1520,1,-33,25,0,0,0
1521,1,-33,26,0,0,0
1522,1,-32,26,0,0,0
1523,1,-33,26,0,0,0
1524,1,-30,27,0,0,0
1525,1,-31,28,0,0,0
1526,1,-30,28,0,0,0
1527,1,-32,27,0,0,0
1528,1,-30,28,0,0,0
1529,1,-32,27,0,0,0
1530,1,-33,25,0,0,0
1531,1,-27,22,0,0,0
1532,1,30,-25,0,0,0
1533,1,38,-18,0,0,0
1534,1,41,-19,0,3,0
1535,1,34,-23,0,0,0
1536,1,36,-21,0,0,0
1537,1,32,-24,0,0,0
1538,1,45,-18,0,0,0
1539,1,20,-29,0,0,0
1540,1,-30,23,0,0,0
1541,1,-28,28,0,0,0
1542,1,-32,25,0,0,0
1543,1,-38,21,0,0,0
1544,1,-31,26,0,0,0
1545,1,46,-16,0,0,0
1546,1,56,-14,0,0,0
1547,1,71,-10,0,0,0
1548,1,64,-12,0,0,0
1549,1,60,-13,0,0,0
1550,1,75,-7,0,0,0
1551,1,72,-9,0,0,0
1552,1,76,-7,0,0,0
1553,1,74,-8,0,0,0
1554,1,70,-10,0,0,0
1555,1,71,-9,0,0,0
1556,1,70,-10,0,0,0
1557,1,70,-9,0,0,0
1558,1,57,-13,0,2,0
1559,1,63,-12,0,2,0
1560,1,55,-14,0,0,0
1561,1,48,-16,0,0,0
1562,1,49,-18,0,3,0
1563,1,38,-23,0,0,0
1564,1,40,-22,0,0,0
1565,1,42,-21,0,0,0
1566,1,38,-23,0,0,0
1567,1,32,-27,0,3,0
1568,1,33,-27,0,3,0
1569,2,0,0,0,0,0
1570,2,0,0,0,0,0
1571,1,16,-41,0,3,0
1572,1,18,-38,0,1,0
1573,1,25,-34,0,0,0
1574,1,21,-35,0,0,0
1575,1,28,-25,0,0,0
1576,1,21,-31,0,3,0
1577,1,27,-27,0,0,0
1578,1,29,-26,0,0,0
1579,1,26,-29,0,0,0
1580,1,19,-33,0,0,0
1581,1,28,-26,0,1,0
1582,1,27,-28,0,3,0
1583,1,32,-23,0,0,0
1584,1,33,-24,0,1,0
1585,1,29,-26,0,3,0
1586,1,47,-14,0,0,0
1587,1,49,-12,0,0,0
1588,1,65,-7,0,0,0
1589,1,74,-5,0,0,0
1590,1,73,-5,0,0,0
1591,1,72,-6,0,0,0
1592,1,81,-4,0,0,0
1593,1,-50,14,0,0,0
1594,1,-25,28,0,0,0
1595,1,-32,24,0,0,0
1596,1,-41,18,0,0,0
1597,1,-41,18,0,0,0
1598,1,-37,18,0,0,0
1599,1,-44,15,0,0,0
1600,1,-39,19,0,0,0
1601,1,-39,19,0,0,0
1602,1,-38,19,0,0,0
1603,1,-41,17,0,0,0
1604,1,-39,19,0,0,0
1605,1,-46,15,0,0,0
1606,1,-45,16,0,0,0
1607,1,-37,20,0,0,0
1608,1,-46,14,0,0,0
1609,1,-51,13,0,0,0
1610,1,-44,13,0,0,0
1611,1,-30,20,0,0,0
1612,1,40,-17,0,0,0
1613,1,47,-15,0,0,0
1614,1,49,-14,0,0,48.09250236
1615,1,48,-13,0,1,45.47153115
1616,1,43,-15,0,2,52.92363167
1617,1,45,-14,0,2,48.66065383
1618,1,46,-14,0,1,49.04229343
1619,1,47,-14,0,3,48.34262729
1620,1,48,-14,0,3,46.19645774
1621,1,46,-15,0,0,45.50049007
1622,1,43,-17,0,0,0
1623,1,47,-15,0,0,0
1624,1,43,-16,0,0,0
1625,1,45,-17,0,0,0
1626,1,37,-19,0,0,0
1627,1,22,-26,0,0,0
1628,1,-56,0,0,0,0
1629,1,-32,20,0,0,0
1630,1,-38,17,0,0,0
1631,1,-37,18,0,0,46.84799314
1632,1,-35,19,0,0,0
1633,1,-36,19,0,0,0
1634,1,-51,14,0,0,0
1635,1,-50,16,0,0,0
1636,1,-50,16,0,0,0
1637,1,-48,16,0,0,0
1638,1,-39,17,0,0,0
1639,1,-37,18,0,0,0
1640,1,-36,18,0,0,45.9890306
1641,1,-39,17,0,0,46.15703821
1642,1,-49,16,0,0,0
1643,1,-35,19,0,0,45.31457722
1644,1,-34,20,0,0,52.15457082
1645,1,-37,18,0,0,49.34197366
1646,1,-37,18,0,0,56.7822516
1647,1,-34,19,0,0,59.31082964
1648,1,-36,18,0,0,59.17450786
1649,1,-32,21,0,0,45.07679641
1650,1,-69,1,0,0,46.50303423
1651,1,-36,18,0,0,49.08738434
1652,1,-34,18,0,0,0
1653,1,-35,17,0,0,59.23572779
1654,1,-30,20,0,0,46.61170542
1655,1,5,-35,0,0,52.31681466
1656,1,2,-37,0,0,46.69997394
1657,1,4,-37,0,0,48.23670387
1658,1,7,-37,0,0,48.18429351
1659,1,13,-33,0,0,49.50072169
1660,1,16,-34,0,0,67.27047563
1661,1,51,-12,0,0,48.64822924
1662,1,45,-18,0,0,74.02086854
1663,1,51,-14,0,0,56.34048581
1664,1,60,-9,0,0,80.2228272
1665,1,56,-12,0,0,82.75132179
1666,1,53,-12,0,1,79.04851437
1667,1,48,-16,0,0,78.58509421
1668,1,60,-10,0,0,78.05467248
1669,1,65,-8,0,0,76.68128014
1670,1,65,-7,0,0,68.64721179
1671,1,55,-11,0,0,0
1672,1,62,-11,0,0,0
1673,1,90,-2,0,0,0
1674,1,83,-3,0,0,0
1675,1,68,-7,0,0,0
1676,1,57,-10,0,0,45.91165185
1677,1,37,-19,0,0,57.74966478
1678,1,66,-7,0,0,62.3673439
1679,1,58,-10,0,0,60.69034934
1680,1,75,-5,0,0,57.54611492
1681,1,71,-6,0,0,0
1682,1,72,-5,0,3,0
1683,1,82,-4,0,0,49.56222177
1684,1,87,-3,0,0,51.13071799
1685,1,-79,0,0,0,0
1686,1,-81,1,0,0,0
1687,1,88,0,0,2,0
1688,1,89,0,0,0,0
1689,1,88,1,0,0,0
1690,1,86,0,0,2,0
1691,1,77,-4,0,0,0
1692,1,83,-2,0,0,0
1693,1,85,-1,0,0,0
1694,1,-89,0,0,1,0
1695,1,-86,1,0,2,0
1696,0,0,0,0,0,0
1697,0,0,0,0,0,0
1698,0,0,0,0,0,0
1699,0,0,0,0,0,0
1700,0,0,0,0,0,0
1701,0,0,0,0,0,0
1702,0,0,0,0,0,0
1703,0,0,0,0,0,0
1704,0,0,0,0,0,0
1705,0,0,0,0,0,0
1706,0,0,0,0,0,0
1707,0,0,0,0,0,0
1708,0,0,0,0,0,0
1709,0,0,0,0,0,0
1710,0,0,0,0,0,0
1711,1,81,-5,0,0,0
1712,1,69,-10,0,0,0
1713,1,68,-10,0,0,56.34672046
1714,1,69,-10,0,0,66.39229655
1715,1,66,-11,0,0,66.31957293
1716,1,64,-11,0,0,69.56444383
1717,1,77,-7,0,0,66.09736085
1718,1,79,-6,0,0,65.72777033
1719,1,77,-7,0,0,67.99116135
1720,1,75,-8,0,0,66.04865193
1721,1,73,-9,0,0,0
1722,1,59,-11,0,0,0
1723,1,45,-15,0,0,0
1724,1,47,-14,0,0,0
1725,1,63,-9,0,0,0
1726,1,59,-11,0,0,0
1727,1,67,-8,0,0,0
1728,1,73,-7,0,0,0
1729,1,69,-9,0,0,0
1730,1,81,-5,0,0,0
1731,1,84,-5,0,0,0
1732,1,66,-10,0,0,0
1733,1,58,-13,0,0,0
1734,1,57,-13,0,0,0
1735,1,55,-13,0,0,0
1736,1,63,-11,0,0,0
1737,1,68,-9,0,0,0
1738,1,67,-8,0,0,0
1739,1,67,-9,0,0,0
1740,1,61,-11,0,0,0
1741,1,58,-12,0,0,0
1742,1,62,-10,0,0,0
1743,1,57,-12,0,0,0
1744,1,59,-11,0,0,0
1745,1,59,-10,0,0,0
1746,1,54,-11,0,0,0
1747,1,57,-11,0,0,0
1748,1,55,-14,0,0,0
1749,1,55,-13,0,0,0
1750,1,45,-17,0,0,0
1751,1,48,-16,0,0,0
1752,1,47,-16,0,0,0
1753,1,47,-16,0,0,0
1754,1,46,-16,0,0,0
1755,1,50,-15,0,0,0
1756,1,54,-13,0,0,0
1757,1,58,-10,0,0,0
1758,1,81,0,0,0,0
1759,1,-45,15,0,0,0
1760,1,-49,13,0,0,0
1761,1,-45,15,0,0,0
1762,1,-48,13,0,0,0
1763,1,-39,17,0,0,0
1764,1,52,-13,0,0,0
1765,1,-43,12,0,0,0
1766,1,71,-9,0,0,0
1767,1,47,-19,0,0,0
1768,1,54,-16,0,0,0
1769,1,61,-13,0,0,0
1770,1,62,-13,0,0,0
1771,1,52,-14,0,0,0
1772,1,77,-5,0,0,0
1773,1,-57,7,0,0,0
1774,1,77,-6,0,0,0
1775,1,90,-2,0,0,0
1776,1,-36,18,0,0,0
1777,1,-42,17,0,0,0
1778,1,-38,20,0,0,0
1779,1,-40,18,0,0,0
1780,1,-40,19,0,0,0
1781,1,-38,22,0,0,0
1782,1,-39,21,0,0,0
1783,1,-39,20,0,0,0
1784,1,-35,22,0,0,0
1785,1,-35,22,0,0,0
1786,1,-35,22,0,0,0
1787,1,-37,22,0,0,0
1788,1,-36,21,0,0,0
1789,1,-33,23,0,0,0
1790,1,-32,21,0,0,0
1791,1,41,-21,0,0,0
1792,1,50,-17,0,0,0
1793,1,50,-17,0,0,0
1794,1,56,-14,0,0,0
1795,1,43,-19,0,0,0
1796,1,40,-20,0,0,0
1797,1,46,-17,0,0,0
1798,1,41,-23,0,0,0
1799,1,42,-22,0,2,0
1800,1,30,-28,0,1,0
1801,1,47,-17,0,0,0
1802,1,57,-12,0,0,0
1803,1,65,-7,0,0,0
1804,1,64,-6,0,0,0
1805,1,79,-3,0,0,0
1806,1,-69,5,0,0,0
1807,1,80,-3,0,0,0
1808,1,-65,6,0,0,0
1809,1,-41,17,0,0,0
1810,1,-50,12,0,0,0
1811,1,-34,23,0,0,0
1812,1,-35,23,0,0,0
1813,1,-38,22,0,0,0
1814,1,-37,22,0,0,0
1815,1,-36,23,0,0,0
1816,1,-37,22,0,0,0
1817,1,-36,23,0,0,0
1818,1,-34,23,0,0,0
1819,1,-32,26,0,0,0
1820,1,-36,22,0,0,0
1821,1,-35,23,0,0,0
1822,1,-36,23,0,0,0
1823,1,-38,21,0,0,0
1824,1,-37,22,0,0,0
1825,1,-39,20,0,0,0
1826,1,-41,20,0,0,0
1827,1,-37,22,0,0,0
1828,1,-39,20,0,0,0
1829,1,-38,21,0,0,0
1830,1,-37,22,0,0,0
1831,1,-37,21,0,0,0
1832,1,44,-18,0,0,0
1833,1,48,-16,0,0,0
1834,1,54,-16,0,0,0
1835,1,67,-11,0,0,0
1836,1,60,-13,0,0,0
1837,1,59,-13,0,0,0
1838,1,57,-14,0,0,0
1839,1,54,-16,0,0,0
1840,1,43,-20,0,0,0
1841,1,35,-26,0,3,0
1842,1,43,-22,0,0,0
1843,1,41,-23,0,0,0
1844,1,39,-24,0,0,0
1845,1,35,-26,0,2,0
1846,1,32,-28,0,1,0
1847,1,39,-25,0,0,0
1848,1,39,-24,0,0,0
1849,1,34,-27,0,1,0
1850,1,36,-26,0,1,0
1851,1,34,-28,0,0,0
1852,1,42,-22,0,1,45.61330974
1853,1,38,-24,0,0,0
1854,1,29,-32,0,1,0
1855,1,30,-28,0,3,0
1856,1,46,-16,0,0,0
1857,1,43,-18,0,0,0
1858,1,59,-13,0,0,0
1859,1,71,-11,0,0,0
1860,1,73,-8,0,0,0
1861,1,77,-6,0,0,0
1862,1,78,-7,0,0,0
1863,1,-80,-1,0,0,0
1864,1,58,-13,0,0,0
1865,1,76,-7,0,0,0
1866,1,69,-9,0,0,0
1867,1,54,-14,0,0,0
1868,1,79,-6,0,0,0
1869,1,69,-9,0,0,0
1870,1,78,-6,0,0,0
1871,1,-89,-2,0,0,0
1872,1,-43,14,0,0,0
1873,1,-46,12,0,0,0
1874,1,-82,0,0,0,0
1875,1,-86,-2,0,0,0
1876,1,-81,0,0,0,0
1877,1,-78,0,0,0,0
1878,1,-57,7,0,0,0
1879,1,45,-12,0,0,0
1880,1,-52,16,0,0,0
1881,1,40,-12,0,0,0
1882,1,-54,9,0,0,0
1883,1,-69,3,0,0,0
1884,1,-47,12,0,0,0
1885,1,29,-19,0,0,0
1886,1,-56,9,0,0,0
1887,1,34,-19,0,0,0
1888,1,42,-15,0,0,0
1889,1,-43,15,0,0,0
1890,1,59,-11,0,0,0
1891,1,15,-24,0,0,0
1892,1,60,-10,0,0,0
1893,1,2,-33,0,0,0
1894,1,-33,21,0,0,0
1895,1,2,-30,0,0,0
1896,1,26,-17,0,0,0
1897,1,7,-25,0,0,0
1898,1,19,-20,0,0,0
1899,1,-53,15,0,0,0
1900,1,-39,17,0,0,0
1901,1,-41,17,0,0,0
1902,1,-55,14,0,0,0
1903,1,42,-13,0,0,0
1904,1,-48,13,0,0,0
1905,1,-38,19,0,0,0
1906,1,-43,15,0,0,0
1907,1,19,-19,0,0,0
1908,1,33,-14,0,0,0
1909,1,31,-17,0,0,0
1910,1,-38,16,0,0,0
1911,1,-42,11,0,0,0
1912,1,69,-10,0,0,0
1913,1,89,-4,0,0,0
1914,1,83,-4,0,0,0
1915,1,85,-3,0,0,0
1916,1,87,-3,0,0,0
1917,1,-88,-2,0,0,0
1918,1,-89,-2,0,0,0
1919,1,-87,0,0,0,0
1920,1,-79,1,0,0,0
1921,1,-80,0,0,0,0
1922,1,83,-5,0,0,0
1923,1,66,-11,0,0,0
1924,1,78,-8,0,0,0
1925,1,66,-11,0,0,0
1926,1,-81,-1,0,0,0
1927,1,56,-13,0,0,0
1928,1,75,-8,0,0,0
1929,1,72,-9,0,0,0
1930,1,68,-10,0,0,0
1931,1,75,-8,0,0,0
